order_product_id,booked_days,order_price_paid,sum_kids,sum_adults,private,group,family,cat_1,cat_2,cat_3,cat_4,cat_5,cat_6,cat_7,cat_8,cat_9,cat_10,cat_11,cat_12,cat_13,cat_14,cat_15,cat_16,cat_17,cat_18
29,1.7142857142857142,0.9376190476190475,0.0492063492063492,0.9507936507936509,0.5067501557851161,0.22928323986226373,0.26396660435262026,0.046649267858623236,0.046649267858623236,0.046649267858623236,0.046649267858623236,0.046649267858623236,0.046649267858623236,0.046649267858623236,0.046649267858623236,0.12680585713101414,0.046649267858623236,0.12680585713101414,0.046649267858623236,0.046649267858623236,0.046649267858623236,0.046649267858623236,0.046649267858623236,0.046649267858623236,0.046649267858623236
33,1.6666666666666667,1.5893333333333333,0.0,1.0,0.4547251090495812,0.3333333333333333,0.21194155761708547,0.11739580945058382,0.0431875047765499,0.0431875047765499,0.0431875047765499,0.11739580945058382,0.0431875047765499,0.0431875047765499,0.11739580945058382,0.0431875047765499,0.0431875047765499,0.0431875047765499,0.0431875047765499,0.0431875047765499,0.0431875047765499,0.0431875047765499,0.0431875047765499,0.0431875047765499,0.0431875047765499
34,7.221153846153846,1.1130403846153845,0.11616460462614309,0.8838353953738569,0.39227837827247297,0.2802244314574749,0.3274971902700522,0.04318750477654991,0.04318750477654991,0.11739580945058382,0.04318750477654991,0.04318750477654991,0.04318750477654991,0.04318750477654991,0.04318750477654991,0.04318750477654991,0.11739580945058382,0.04318750477654991,0.04318750477654991,0.04318750477654991,0.11739580945058382,0.04318750477654991,0.04318750477654991,0.04318750477654991,0.04318750477654991
35,4.857142857142857,0.7642857142857143,0.023809523809523808,0.9761904761904762,0.3940292211914573,0.3680166978236899,0.23795408098485288,0.046649267858623236,0.046649267858623236,0.046649267858623236,0.046649267858623236,0.046649267858623236,0.046649267858623236,0.046649267858623236,0.046649267858623236,0.12680585713101414,0.046649267858623236,0.12680585713101414,0.046649267858623236,0.046649267858623236,0.046649267858623236,0.046649267858623236,0.046649267858623236,0.046649267858623236,0.046649267858623236
38,3.25,0.3413068181818182,0.03049242424242424,0.9695075757575757,0.5057648329302764,0.2533251175203518,0.24091004954937187,0.04664926785862323,0.12680585713101414,0.04664926785862323,0.04664926785862323,0.04664926785862323,0.04664926785862323,0.04664926785862323,0.12680585713101414,0.04664926785862323,0.04664926785862323,0.04664926785862323,0.04664926785862323,0.04664926785862323,0.04664926785862323,0.04664926785862323,0.04664926785862323,0.04664926785862323,0.04664926785862323
39,8.0,1.53545,0.0625,0.9375,0.4850730529786432,0.21194155761708547,0.3029853894042714,0.046649267858623236,0.046649267858623236,0.046649267858623236,0.046649267858623236,0.046649267858623236,0.046649267858623236,0.046649267858623236,0.046649267858623236,0.12680585713101414,0.046649267858623236,0.12680585713101414,0.046649267858623236,0.046649267858623236,0.046649267858623236,0.046649267858623236,0.046649267858623236,0.046649267858623236,0.046649267858623236
42,5.0,1.252,0.0,1.0,0.4547251090495812,0.3333333333333333,0.21194155761708547,0.04664926785862324,0.04664926785862324,0.04664926785862324,0.04664926785862324,0.04664926785862324,0.04664926785862324,0.04664926785862324,0.04664926785862324,0.12680585713101414,0.04664926785862324,0.12680585713101414,0.04664926785862324,0.04664926785862324,0.04664926785862324,0.04664926785862324,0.04664926785862324,0.04664926785862324,0.04664926785862324
43,5.25,0.9607142857142857,0.017857142857142856,0.9821428571428571,0.5501043613980617,0.22494781930096916,0.22494781930096916,0.04318750477654991,0.04318750477654991,0.04318750477654991,0.04318750477654991,0.04318750477654991,0.04318750477654991,0.04318750477654991,0.11739580945058382,0.11739580945058382,0.04318750477654991,0.11739580945058382,0.04318750477654991,0.04318750477654991,0.04318750477654991,0.04318750477654991,0.04318750477654991,0.04318750477654991,0.04318750477654991
46,2.3805309734513274,0.7492017699115044,0.06919511167298778,0.9308048883270121,0.4762103790878552,0.2473922531802375,0.2763973677319074,0.046649267858623236,0.046649267858623236,0.046649267858623236,0.046649267858623236,0.046649267858623236,0.046649267858623236,0.046649267858623236,0.046649267858623236,0.12680585713101414,0.046649267858623236,0.12680585713101414,0.046649267858623236,0.046649267858623236,0.046649267858623236,0.046649267858623236,0.046649267858623236,0.046649267858623236,0.046649267858623236
47,1.025,0.48665,0.14699926900584795,0.8530007309941521,0.4031336043701759,0.2620156651000377,0.3348507305297864,0.046649267858623236,0.046649267858623236,0.046649267858623236,0.046649267858623236,0.046649267858623236,0.046649267858623236,0.046649267858623236,0.046649267858623236,0.12680585713101414,0.046649267858623236,0.12680585713101414,0.046649267858623236,0.046649267858623236,0.046649267858623236,0.046649267858623236,0.046649267858623236,0.046649267858623236,0.046649267858623236
49,3.75,0.784,0.05509259259259259,0.9449074074074074,0.47495707166895584,0.2625214641655221,0.2625214641655221,0.04318750477654991,0.04318750477654991,0.11739580945058384,0.04318750477654991,0.04318750477654991,0.04318750477654991,0.04318750477654991,0.04318750477654991,0.04318750477654991,0.11739580945058384,0.04318750477654991,0.04318750477654991,0.04318750477654991,0.11739580945058384,0.04318750477654991,0.04318750477654991,0.04318750477654991,0.04318750477654991
50,2.272727272727273,0.7531454545454546,0.16603729603729606,0.833962703962704,0.31126210138492466,0.31126210138492466,0.3774757972301508,0.05071435780762185,0.05071435780762185,0.05071435780762185,0.05071435780762185,0.05071435780762185,0.05071435780762185,0.05071435780762185,0.05071435780762185,0.05071435780762185,0.05071435780762185,0.05071435780762185,0.05071435780762185,0.05071435780762185,0.13785591727042856,0.05071435780762185,0.05071435780762185,0.05071435780762185,0.05071435780762185
51,1.7692307692307692,0.39497802197802195,0.23962638238954026,0.7603736176104597,0.3179926144241372,0.24595793432878132,0.43604945124708155,0.05071435780762185,0.05071435780762185,0.05071435780762185,0.05071435780762185,0.05071435780762185,0.05071435780762185,0.05071435780762185,0.05071435780762185,0.05071435780762185,0.13785591727042856,0.05071435780762185,0.05071435780762185,0.05071435780762185,0.05071435780762185,0.05071435780762185,0.05071435780762185,0.05071435780762185,0.05071435780762185
52,3.0,0.6115428571428572,0.054047619047619046,0.945952380952381,0.48247180064186646,0.25356159500551334,0.2639666043526203,0.04318750477654991,0.04318750477654991,0.04318750477654991,0.04318750477654991,0.11739580945058382,0.04318750477654991,0.04318750477654991,0.11739580945058382,0.11739580945058382,0.04318750477654991,0.04318750477654991,0.04318750477654991,0.04318750477654991,0.04318750477654991,0.04318750477654991,0.04318750477654991,0.04318750477654991,0.04318750477654991
54,72.5,1.2389999999999999,0.0,1.0,0.3940292211914573,0.3940292211914573,0.21194155761708547,0.12680585713101414,0.046649267858623236,0.046649267858623236,0.046649267858623236,0.12680585713101414,0.046649267858623236,0.046649267858623236,0.046649267858623236,0.046649267858623236,0.046649267858623236,0.046649267858623236,0.046649267858623236,0.046649267858623236,0.046649267858623236,0.046649267858623236,0.046649267858623236,0.046649267858623236,0.046649267858623236
55,1.1942857142857144,0.7781765714285714,0.2706009228866372,0.7293990771133628,0.302465138936916,0.254602095940224,0.44293276512285995,0.05071435780762185,0.05071435780762185,0.05071435780762185,0.05071435780762185,0.05071435780762185,0.05071435780762185,0.05071435780762185,0.05071435780762185,0.05071435780762185,0.05071435780762185,0.05071435780762185,0.05071435780762185,0.05071435780762185,0.13785591727042856,0.05071435780762185,0.05071435780762185,0.05071435780762185,0.05071435780762185
56,0.0,0.31043478260869567,0.0,1.0,0.5286157551377321,0.25944268724518244,0.2119415576170855,0.05071435780762185,0.05071435780762185,0.05071435780762185,0.05071435780762185,0.05071435780762185,0.05071435780762185,0.05071435780762185,0.05071435780762185,0.05071435780762185,0.05071435780762185,0.05071435780762185,0.05071435780762185,0.13785591727042856,0.05071435780762185,0.05071435780762185,0.05071435780762185,0.05071435780762185,0.05071435780762185
58,4.0,1.25675,0.03125,0.96875,0.4850730529786432,0.25746347351067844,0.25746347351067844,0.04318750477654991,0.04318750477654991,0.04318750477654991,0.04318750477654991,0.04318750477654991,0.04318750477654991,0.04318750477654991,0.11739580945058382,0.11739580945058382,0.04318750477654991,0.11739580945058382,0.04318750477654991,0.04318750477654991,0.04318750477654991,0.04318750477654991,0.04318750477654991,0.04318750477654991,0.04318750477654991
60,11.0,0.7571,0.08333333333333333,0.9166666666666666,0.43044675390633164,0.3029853894042714,0.26656785668939703,0.13785591727042856,0.05071435780762186,0.05071435780762186,0.05071435780762186,0.05071435780762186,0.05071435780762186,0.05071435780762186,0.05071435780762186,0.05071435780762186,0.05071435780762186,0.05071435780762186,0.05071435780762186,0.05071435780762186,0.05071435780762186,0.05071435780762186,0.05071435780762186,0.05071435780762186,0.05071435780762186
65,55.0,0.306,0.0,1.0,0.5761168847658291,0.21194155761708547,0.21194155761708547,0.046649267858623236,0.046649267858623236,0.12680585713101414,0.046649267858623236,0.046649267858623236,0.046649267858623236,0.046649267858623236,0.12680585713101414,0.046649267858623236,0.046649267858623236,0.046649267858623236,0.046649267858623236,0.046649267858623236,0.046649267858623236,0.046649267858623236,0.046649267858623236,0.046649267858623236,0.046649267858623236
68,0.0,0.99,0.0,1.0,0.5761168847658291,0.21194155761708547,0.21194155761708547,0.12680585713101414,0.046649267858623236,0.046649267858623236,0.046649267858623236,0.12680585713101414,0.046649267858623236,0.046649267858623236,0.046649267858623236,0.046649267858623236,0.046649267858623236,0.046649267858623236,0.046649267858623236,0.046649267858623236,0.046649267858623236,0.046649267858623236,0.046649267858623236,0.046649267858623236,0.046649267858623236
69,25.0,0.99,0.0,1.0,0.5761168847658291,0.21194155761708547,0.21194155761708547,0.12680585713101414,0.046649267858623236,0.046649267858623236,0.046649267858623236,0.12680585713101414,0.046649267858623236,0.046649267858623236,0.046649267858623236,0.046649267858623236,0.046649267858623236,0.046649267858623236,0.046649267858623236,0.046649267858623236,0.046649267858623236,0.046649267858623236,0.046649267858623236,0.046649267858623236,0.046649267858623236
70,2.0,1.32,0.0,1.0,0.5761168847658291,0.21194155761708547,0.21194155761708547,0.12680585713101414,0.046649267858623236,0.046649267858623236,0.046649267858623236,0.12680585713101414,0.046649267858623236,0.046649267858623236,0.046649267858623236,0.046649267858623236,0.046649267858623236,0.046649267858623236,0.046649267858623236,0.046649267858623236,0.046649267858623236,0.046649267858623236,0.046649267858623236,0.046649267858623236,0.046649267858623236
73,2.13953488372093,1.2579790697674418,0.07114416591160777,0.9288558340883922,0.46178277042843285,0.27122591319943906,0.26699131637212814,0.12680585713101414,0.04664926785862323,0.04664926785862323,0.04664926785862323,0.04664926785862323,0.04664926785862323,0.12680585713101414,0.04664926785862323,0.04664926785862323,0.04664926785862323,0.04664926785862323,0.04664926785862323,0.04664926785862323,0.04664926785862323,0.04664926785862323,0.04664926785862323,0.04664926785862323,0.04664926785862323
75,0.0,1.24,0.0,1.0,0.5761168847658291,0.21194155761708547,0.21194155761708547,0.05071435780762185,0.05071435780762185,0.05071435780762185,0.05071435780762185,0.05071435780762185,0.05071435780762185,0.05071435780762185,0.05071435780762185,0.05071435780762185,0.05071435780762185,0.05071435780762185,0.13785591727042856,0.05071435780762185,0.05071435780762185,0.05071435780762185,0.05071435780762185,0.05071435780762185,0.05071435780762185
76,5.888888888888889,1.155,0.09259259259259259,0.9074074074074073,0.45472510904958124,0.2321735202364601,0.3131013707139587,0.046649267858623236,0.046649267858623236,0.046649267858623236,0.046649267858623236,0.046649267858623236,0.046649267858623236,0.046649267858623236,0.046649267858623236,0.12680585713101414,0.046649267858623236,0.12680585713101414,0.046649267858623236,0.046649267858623236,0.046649267858623236,0.046649267858623236,0.046649267858623236,0.046649267858623236,0.046649267858623236
78,8.0,0.54,0.0,1.0,0.5761168847658291,0.21194155761708547,0.21194155761708547,0.046649267858623236,0.046649267858623236,0.12680585713101414,0.046649267858623236,0.12680585713101414,0.046649267858623236,0.046649267858623236,0.046649267858623236,0.046649267858623236,0.046649267858623236,0.046649267858623236,0.046649267858623236,0.046649267858623236,0.046649267858623236,0.046649267858623236,0.046649267858623236,0.046649267858623236,0.046649267858623236
79,4.0,0.9495,0.08333333333333333,0.9166666666666666,0.3029853894042714,0.3940292211914573,0.3029853894042714,0.046649267858623236,0.046649267858623236,0.12680585713101414,0.046649267858623236,0.12680585713101414,0.046649267858623236,0.046649267858623236,0.046649267858623236,0.046649267858623236,0.046649267858623236,0.046649267858623236,0.046649267858623236,0.046649267858623236,0.046649267858623236,0.046649267858623236,0.046649267858623236,0.046649267858623236,0.046649267858623236
81,7.5,1.51875,0.0625,0.9375,0.3940292211914573,0.3029853894042714,0.3029853894042714,0.05071435780762185,0.05071435780762185,0.05071435780762185,0.05071435780762185,0.13785591727042856,0.05071435780762185,0.05071435780762185,0.05071435780762185,0.05071435780762185,0.05071435780762185,0.05071435780762185,0.05071435780762185,0.05071435780762185,0.05071435780762185,0.05071435780762185,0.05071435780762185,0.05071435780762185,0.05071435780762185
82,0.6111111111111112,1.0857638888888888,0.08680555555555555,0.9131944444444444,0.4698990810141122,0.25240548285583475,0.2776954361300531,0.12680585713101414,0.046649267858623236,0.046649267858623236,0.046649267858623236,0.046649267858623236,0.046649267858623236,0.12680585713101414,0.046649267858623236,0.046649267858623236,0.046649267858623236,0.046649267858623236,0.046649267858623236,0.046649267858623236,0.046649267858623236,0.046649267858623236,0.046649267858623236,0.046649267858623236,0.046649267858623236
83,3.558139534883721,0.529953488372093,0.07751937984496124,0.9224806201550387,0.4490789799465,0.26275671954481716,0.28816430050868297,0.04318750477654991,0.04318750477654991,0.04318750477654991,0.04318750477654991,0.04318750477654991,0.04318750477654991,0.04318750477654991,0.11739580945058382,0.11739580945058382,0.04318750477654991,0.11739580945058382,0.04318750477654991,0.04318750477654991,0.04318750477654991,0.04318750477654991,0.04318750477654991,0.04318750477654991,0.04318750477654991
84,0.0,0.235,0.0,1.0,0.5761168847658291,0.21194155761708547,0.21194155761708547,0.05071435780762185,0.05071435780762185,0.05071435780762185,0.05071435780762185,0.05071435780762185,0.05071435780762185,0.05071435780762185,0.05071435780762185,0.05071435780762185,0.05071435780762185,0.05071435780762185,0.05071435780762185,0.05071435780762185,0.05071435780762185,0.13785591727042856,0.05071435780762185,0.05071435780762185,0.05071435780762185
87,81.0,1.44,0.0,1.0,0.5761168847658291,0.21194155761708547,0.21194155761708547,0.04318750477654991,0.04318750477654991,0.04318750477654991,0.04318750477654991,0.04318750477654991,0.04318750477654991,0.04318750477654991,0.11739580945058382,0.11739580945058382,0.04318750477654991,0.11739580945058382,0.04318750477654991,0.04318750477654991,0.04318750477654991,0.04318750477654991,0.04318750477654991,0.04318750477654991,0.04318750477654991
90,0.9041095890410958,0.3558328767123287,0.034680068789657834,0.9653199312103422,0.45239704759748883,0.30223708393752735,0.24536586846498384,0.05071435780762185,0.05071435780762185,0.05071435780762185,0.05071435780762185,0.05071435780762185,0.05071435780762185,0.05071435780762185,0.05071435780762185,0.05071435780762185,0.13785591727042856,0.05071435780762185,0.05071435780762185,0.05071435780762185,0.05071435780762185,0.05071435780762185,0.05071435780762185,0.05071435780762185,0.05071435780762185
91,0.0,1.372,0.08333333333333333,0.9166666666666666,0.3940292211914573,0.3029853894042714,0.3029853894042714,0.046649267858623236,0.046649267858623236,0.046649267858623236,0.046649267858623236,0.046649267858623236,0.046649267858623236,0.046649267858623236,0.046649267858623236,0.12680585713101414,0.046649267858623236,0.12680585713101414,0.046649267858623236,0.046649267858623236,0.046649267858623236,0.046649267858623236,0.046649267858623236,0.046649267858623236,0.046649267858623236
97,1.7142857142857142,1.2699142857142858,0.09523809523809523,0.9047619047619048,0.5240918380302942,0.21194155761708547,0.26396660435262026,0.12680585713101414,0.046649267858623236,0.046649267858623236,0.046649267858623236,0.046649267858623236,0.046649267858623236,0.12680585713101414,0.046649267858623236,0.046649267858623236,0.046649267858623236,0.046649267858623236,0.046649267858623236,0.046649267858623236,0.046649267858623236,0.046649267858623236,0.046649267858623236,0.046649267858623236,0.046649267858623236
102,5.142857142857143,0.5614971428571428,0.007142857142857143,0.9928571428571429,0.5240918380302944,0.2535615950055133,0.22234656696419242,0.046649267858623236,0.046649267858623236,0.12680585713101414,0.046649267858623236,0.046649267858623236,0.046649267858623236,0.046649267858623236,0.12680585713101414,0.046649267858623236,0.046649267858623236,0.046649267858623236,0.046649267858623236,0.046649267858623236,0.046649267858623236,0.046649267858623236,0.046649267858623236,0.046649267858623236,0.046649267858623236
103,6.0,0.58,0.0,1.0,0.5761168847658291,0.21194155761708547,0.21194155761708547,0.046649267858623236,0.046649267858623236,0.12680585713101414,0.046649267858623236,0.046649267858623236,0.046649267858623236,0.046649267858623236,0.12680585713101414,0.046649267858623236,0.046649267858623236,0.046649267858623236,0.046649267858623236,0.046649267858623236,0.046649267858623236,0.046649267858623236,0.046649267858623236,0.046649267858623236,0.046649267858623236
105,14.714285714285714,0.9717142857142856,0.05952380952380952,0.9404761904761906,0.3680166978236899,0.315991651088155,0.315991651088155,0.13785591727042856,0.05071435780762185,0.05071435780762185,0.05071435780762185,0.05071435780762185,0.05071435780762185,0.05071435780762185,0.05071435780762185,0.05071435780762185,0.05071435780762185,0.05071435780762185,0.05071435780762185,0.05071435780762185,0.05071435780762185,0.05071435780762185,0.05071435780762185,0.05071435780762185,0.05071435780762185
115,1.5,1.25,0.21428571428571427,0.7857142857142857,0.21194155761708547,0.3940292211914573,0.3940292211914573,0.046649267858623236,0.046649267858623236,0.046649267858623236,0.046649267858623236,0.046649267858623236,0.046649267858623236,0.046649267858623236,0.046649267858623236,0.12680585713101414,0.046649267858623236,0.12680585713101414,0.046649267858623236,0.046649267858623236,0.046649267858623236,0.046649267858623236,0.046649267858623236,0.046649267858623236,0.046649267858623236
117,22.857142857142858,0.62,0.26122448979591834,0.7387755102040817,0.26396660435262026,0.26396660435262026,0.4720667912947595,0.04318750477654991,0.11739580945058382,0.11739580945058382,0.04318750477654991,0.04318750477654991,0.04318750477654991,0.04318750477654991,0.11739580945058382,0.04318750477654991,0.04318750477654991,0.04318750477654991,0.04318750477654991,0.04318750477654991,0.04318750477654991,0.04318750477654991,0.04318750477654991,0.04318750477654991,0.04318750477654991
118,4.193548387096774,0.36133333333333334,0.034630483017579795,0.9653695169824202,0.3842395618595018,0.3607443794628087,0.25501605867768956,0.05071435780762185,0.05071435780762185,0.05071435780762185,0.05071435780762185,0.05071435780762185,0.05071435780762185,0.05071435780762185,0.05071435780762185,0.05071435780762185,0.13785591727042856,0.05071435780762185,0.05071435780762185,0.05071435780762185,0.05071435780762185,0.05071435780762185,0.05071435780762185,0.05071435780762185,0.05071435780762185
119,0.20270270270270271,0.6157162162162162,0.10128163878163877,0.8987183612183611,0.40879308580559554,0.29560345709720226,0.29560345709720226,0.05071435780762185,0.05071435780762185,0.05071435780762185,0.05071435780762185,0.05071435780762185,0.05071435780762185,0.05071435780762185,0.05071435780762185,0.05071435780762185,0.05071435780762185,0.05071435780762185,0.05071435780762185,0.05071435780762185,0.13785591727042856,0.05071435780762185,0.05071435780762185,0.05071435780762185,0.05071435780762185
120,2.4871794871794872,0.2553846153846154,0.11538461538461539,0.8846153846153846,0.36134682003708285,0.3146576755308337,0.3239955044320835,0.05071435780762185,0.05071435780762185,0.05071435780762185,0.05071435780762185,0.05071435780762185,0.05071435780762185,0.05071435780762185,0.05071435780762185,0.05071435780762185,0.05071435780762185,0.05071435780762185,0.05071435780762185,0.05071435780762185,0.05071435780762185,0.05071435780762185,0.05071435780762185,0.05071435780762185,0.13785591727042856
121,10.547945205479452,1.0143424657534246,0.03972602739726027,0.9602739726027396,0.5012863380914298,0.25434553406591176,0.24436812784265852,0.05071435780762185,0.05071435780762185,0.05071435780762185,0.05071435780762185,0.13785591727042856,0.05071435780762185,0.05071435780762185,0.05071435780762185,0.05071435780762185,0.05071435780762185,0.05071435780762185,0.05071435780762185,0.05071435780762185,0.05071435780762185,0.05071435780762185,0.05071435780762185,0.05071435780762185,0.05071435780762185
122,7.35042735042735,1.7154307692307693,0.06597476597476598,0.9340252340252341,0.46717554758458096,0.2617433117570846,0.27108114065833444,0.12680585713101414,0.046649267858623236,0.046649267858623236,0.046649267858623236,0.046649267858623236,0.046649267858623236,0.046649267858623236,0.12680585713101414,0.046649267858623236,0.046649267858623236,0.046649267858623236,0.046649267858623236,0.046649267858623236,0.046649267858623236,0.046649267858623236,0.046649267858623236,0.046649267858623236,0.046649267858623236
123,0.4523809523809524,0.4180761904761905,0.07349773242630386,0.9265022675736961,0.42437716512051926,0.2899791277203877,0.2856437071590931,0.050714357807621846,0.050714357807621846,0.050714357807621846,0.050714357807621846,0.050714357807621846,0.050714357807621846,0.050714357807621846,0.050714357807621846,0.050714357807621846,0.050714357807621846,0.050714357807621846,0.050714357807621846,0.050714357807621846,0.050714357807621846,0.050714357807621846,0.050714357807621846,0.050714357807621846,0.13785591727042856
124,3.3333333333333335,0.8152666666666667,0.0,1.0,0.3737972585720827,0.41426118381083193,0.21194155761708547,0.05071435780762185,0.05071435780762185,0.05071435780762185,0.05071435780762185,0.05071435780762185,0.05071435780762185,0.05071435780762185,0.05071435780762185,0.05071435780762185,0.13785591727042856,0.05071435780762185,0.05071435780762185,0.05071435780762185,0.05071435780762185,0.05071435780762185,0.05071435780762185,0.05071435780762185,0.05071435780762185
125,0.0,0.27594285714285716,0.31224489795918364,0.6877551020408162,0.26396660435262026,0.21194155761708547,0.5240918380302942,0.04318750477654991,0.04318750477654991,0.04318750477654991,0.04318750477654991,0.04318750477654991,0.11739580945058382,0.04318750477654991,0.04318750477654991,0.04318750477654991,0.11739580945058382,0.04318750477654991,0.04318750477654991,0.04318750477654991,0.11739580945058382,0.04318750477654991,0.04318750477654991,0.04318750477654991,0.04318750477654991
127,0.42105263157894735,0.3807684210526316,0.08245614035087719,0.9175438596491228,0.3269442925061624,0.38444565995070085,0.28861004754313674,0.05071435780762185,0.05071435780762185,0.05071435780762185,0.05071435780762185,0.05071435780762185,0.05071435780762185,0.05071435780762185,0.05071435780762185,0.05071435780762185,0.13785591727042856,0.05071435780762185,0.05071435780762185,0.05071435780762185,0.05071435780762185,0.05071435780762185,0.05071435780762185,0.05071435780762185,0.05071435780762185
128,2.0,1.1050000000000002,0.047619047619047616,0.9523809523809524,0.4547251090495812,0.21194155761708547,0.3333333333333333,0.12680585713101414,0.04664926785862324,0.04664926785862324,0.04664926785862324,0.04664926785862324,0.04664926785862324,0.12680585713101414,0.04664926785862324,0.04664926785862324,0.04664926785862324,0.04664926785862324,0.04664926785862324,0.04664926785862324,0.04664926785862324,0.04664926785862324,0.04664926785862324,0.04664926785862324,0.04664926785862324
129,0.8113207547169812,0.622754716981132,0.30256268888344356,0.6974373111165564,0.28065388349420695,0.2462977205556462,0.47304839595014697,0.05071435780762185,0.05071435780762185,0.05071435780762185,0.05071435780762185,0.05071435780762185,0.05071435780762185,0.05071435780762185,0.05071435780762185,0.05071435780762185,0.05071435780762185,0.05071435780762185,0.05071435780762185,0.05071435780762185,0.13785591727042856,0.05071435780762185,0.05071435780762185,0.05071435780762185,0.05071435780762185
130,0.2727272727272727,0.4549090909090909,0.05454545454545454,0.9454545454545454,0.4436894930753769,0.31126210138492466,0.2450484055396985,0.05071435780762185,0.05071435780762185,0.05071435780762185,0.05071435780762185,0.05071435780762185,0.05071435780762185,0.05071435780762185,0.05071435780762185,0.05071435780762185,0.13785591727042856,0.05071435780762185,0.05071435780762185,0.05071435780762185,0.05071435780762185,0.05071435780762185,0.05071435780762185,0.05071435780762185,0.05071435780762185
131,0.0,0.30833333333333335,0.05555555555555555,0.9444444444444445,0.5154209969077052,0.24228950154614745,0.24228950154614745,0.05071435780762185,0.05071435780762185,0.05071435780762185,0.05071435780762185,0.05071435780762185,0.05071435780762185,0.05071435780762185,0.05071435780762185,0.05071435780762185,0.05071435780762185,0.05071435780762185,0.05071435780762185,0.13785591727042856,0.05071435780762185,0.05071435780762185,0.05071435780762185,0.05071435780762185,0.05071435780762185
132,3.839160839160839,1.068167832167832,0.048318348318348324,0.9516816516816516,0.45387621551310403,0.29088865650947043,0.2552351279774256,0.05071435780762185,0.05071435780762185,0.05071435780762185,0.05071435780762185,0.13785591727042856,0.05071435780762185,0.05071435780762185,0.05071435780762185,0.05071435780762185,0.05071435780762185,0.05071435780762185,0.05071435780762185,0.05071435780762185,0.05071435780762185,0.05071435780762185,0.05071435780762185,0.05071435780762185,0.05071435780762185
133,10.225806451612904,0.736658064516129,0.02150537634408602,0.9784946236559139,0.4938837463774031,0.2706795136088183,0.2354367400137786,0.05071435780762185,0.05071435780762185,0.05071435780762185,0.05071435780762185,0.13785591727042856,0.05071435780762185,0.05071435780762185,0.05071435780762185,0.05071435780762185,0.05071435780762185,0.05071435780762185,0.05071435780762185,0.05071435780762185,0.05071435780762185,0.05071435780762185,0.05071435780762185,0.05071435780762185,0.05071435780762185
134,0.0,0.13,0.1111111111111111,0.8888888888888888,0.4547251090495812,0.21194155761708547,0.3333333333333333,0.05071435780762185,0.05071435780762185,0.05071435780762185,0.05071435780762185,0.05071435780762185,0.05071435780762185,0.05071435780762185,0.05071435780762185,0.05071435780762185,0.05071435780762185,0.05071435780762185,0.05071435780762185,0.05071435780762185,0.05071435780762185,0.05071435780762185,0.05071435780762185,0.05071435780762185,0.13785591727042856
135,0.0,0.5,0.0,1.0,0.5761168847658291,0.21194155761708547,0.21194155761708547,0.05071435780762185,0.05071435780762185,0.05071435780762185,0.05071435780762185,0.05071435780762185,0.05071435780762185,0.05071435780762185,0.13785591727042856,0.05071435780762185,0.05071435780762185,0.05071435780762185,0.05071435780762185,0.05071435780762185,0.05071435780762185,0.05071435780762185,0.05071435780762185,0.05071435780762185,0.05071435780762185
137,11.666666666666666,0.22999999999999998,0.2222222222222222,0.7777777777777777,0.3333333333333333,0.21194155761708547,0.4547251090495812,0.05071435780762185,0.05071435780762185,0.05071435780762185,0.05071435780762185,0.05071435780762185,0.05071435780762185,0.05071435780762185,0.05071435780762185,0.05071435780762185,0.05071435780762185,0.05071435780762185,0.05071435780762185,0.05071435780762185,0.05071435780762185,0.05071435780762185,0.05071435780762185,0.05071435780762185,0.13785591727042856
138,4.0476190476190474,0.8204761904761905,0.2233560090702948,0.7766439909297053,0.2986499688429768,0.26396660435262026,0.43738342680440295,0.050714357807621846,0.050714357807621846,0.050714357807621846,0.050714357807621846,0.050714357807621846,0.050714357807621846,0.050714357807621846,0.050714357807621846,0.050714357807621846,0.050714357807621846,0.050714357807621846,0.050714357807621846,0.050714357807621846,0.050714357807621846,0.050714357807621846,0.050714357807621846,0.13785591727042856,0.050714357807621846
139,1.0,0.788,0.0,1.0,0.5761168847658291,0.21194155761708547,0.21194155761708547,0.12680585713101414,0.046649267858623236,0.046649267858623236,0.046649267858623236,0.12680585713101414,0.046649267858623236,0.046649267858623236,0.046649267858623236,0.046649267858623236,0.046649267858623236,0.046649267858623236,0.046649267858623236,0.046649267858623236,0.046649267858623236,0.046649267858623236,0.046649267858623236,0.046649267858623236,0.046649267858623236
141,2.44,0.829216,0.09333333333333332,0.9066666666666667,0.48871480625013064,0.22650857070303523,0.2847766230468342,0.04664926785862324,0.04664926785862324,0.04664926785862324,0.04664926785862324,0.04664926785862324,0.04664926785862324,0.04664926785862324,0.04664926785862324,0.12680585713101414,0.04664926785862324,0.12680585713101414,0.04664926785862324,0.04664926785862324,0.04664926785862324,0.04664926785862324,0.04664926785862324,0.04664926785862324,0.04664926785862324
142,6.1,0.33940000000000003,0.025,0.975,0.46686428662120605,0.2847766230468342,0.24835909033195983,0.046649267858623236,0.046649267858623236,0.046649267858623236,0.046649267858623236,0.046649267858623236,0.046649267858623236,0.046649267858623236,0.046649267858623236,0.12680585713101414,0.046649267858623236,0.12680585713101414,0.046649267858623236,0.046649267858623236,0.046649267858623236,0.046649267858623236,0.046649267858623236,0.046649267858623236,0.046649267858623236
145,4.333333333333333,0.5013333333333333,0.27777777777777773,0.7222222222222222,0.3333333333333333,0.21194155761708547,0.4547251090495812,0.05071435780762185,0.05071435780762185,0.05071435780762185,0.05071435780762185,0.05071435780762185,0.05071435780762185,0.05071435780762185,0.05071435780762185,0.13785591727042856,0.05071435780762185,0.05071435780762185,0.05071435780762185,0.05071435780762185,0.05071435780762185,0.05071435780762185,0.05071435780762185,0.05071435780762185,0.05071435780762185
146,2.138888888888889,0.6423148148148149,0.03348765432098765,0.9665123456790125,0.4210051713506235,0.3333333333333333,0.24566149531604323,0.05071435780762185,0.05071435780762185,0.05071435780762185,0.05071435780762185,0.05071435780762185,0.05071435780762185,0.05071435780762185,0.05071435780762185,0.05071435780762185,0.13785591727042856,0.05071435780762185,0.05071435780762185,0.05071435780762185,0.05071435780762185,0.05071435780762185,0.05071435780762185,0.05071435780762185,0.05071435780762185
147,0.05,0.77205,0.02,0.9800000000000001,0.4850730529786432,0.2847766230468342,0.23015032397452267,0.05071435780762186,0.05071435780762186,0.05071435780762186,0.05071435780762186,0.05071435780762186,0.05071435780762186,0.05071435780762186,0.05071435780762186,0.05071435780762186,0.05071435780762186,0.05071435780762186,0.05071435780762186,0.13785591727042856,0.05071435780762186,0.05071435780762186,0.05071435780762186,0.05071435780762186,0.05071435780762186
148,5.688888888888889,1.4876222222222222,0.0,1.0,0.5113746043838302,0.2766838379990843,0.21194155761708547,0.04664926785862323,0.04664926785862323,0.04664926785862323,0.04664926785862323,0.04664926785862323,0.04664926785862323,0.04664926785862323,0.12680585713101414,0.12680585713101414,0.04664926785862323,0.04664926785862323,0.04664926785862323,0.04664926785862323,0.04664926785862323,0.04664926785862323,0.04664926785862323,0.04664926785862323,0.04664926785862323
149,6.363636363636363,0.6786,0.1945887445887446,0.8054112554112554,0.31126210138492466,0.24504840553969853,0.4436894930753769,0.05071435780762185,0.05071435780762185,0.05071435780762185,0.05071435780762185,0.05071435780762185,0.05071435780762185,0.05071435780762185,0.05071435780762185,0.05071435780762185,0.05071435780762185,0.05071435780762185,0.05071435780762185,0.05071435780762185,0.13785591727042856,0.05071435780762185,0.05071435780762185,0.05071435780762185,0.05071435780762185
150,2.0869565217391304,0.6966739130434781,0.0782608695652174,0.9217391304347826,0.4573640606955866,0.2515258323071663,0.29111010699724715,0.05071435780762185,0.05071435780762185,0.05071435780762185,0.05071435780762185,0.13785591727042856,0.05071435780762185,0.05071435780762185,0.05071435780762185,0.05071435780762185,0.05071435780762185,0.05071435780762185,0.05071435780762185,0.05071435780762185,0.05071435780762185,0.05071435780762185,0.05071435780762185,0.05071435780762185,0.05071435780762185
151,3.4838709677419355,0.33385967741935485,0.0700268817204301,0.9299731182795699,0.4498302793836035,0.27949020700757826,0.2706795136088183,0.05071435780762185,0.05071435780762185,0.05071435780762185,0.05071435780762185,0.05071435780762185,0.05071435780762185,0.05071435780762185,0.13785591727042856,0.05071435780762185,0.05071435780762185,0.05071435780762185,0.05071435780762185,0.05071435780762185,0.05071435780762185,0.05071435780762185,0.05071435780762185,0.05071435780762185,0.05071435780762185
152,1.7,1.1961600000000001,0.07083333333333333,0.9291666666666666,0.4122379875488945,0.28477662304683415,0.3029853894042714,0.04318750477654991,0.04318750477654991,0.04318750477654991,0.04318750477654991,0.11739580945058384,0.04318750477654991,0.04318750477654991,0.11739580945058384,0.11739580945058384,0.04318750477654991,0.04318750477654991,0.04318750477654991,0.04318750477654991,0.04318750477654991,0.04318750477654991,0.04318750477654991,0.04318750477654991,0.04318750477654991
156,0.5833333333333334,0.5528333333333334,0.14583333333333334,0.8541666666666666,0.42437716512051926,0.24228950154614745,0.3333333333333333,0.05071435780762185,0.05071435780762185,0.05071435780762185,0.05071435780762185,0.05071435780762185,0.05071435780762185,0.05071435780762185,0.05071435780762185,0.05071435780762185,0.05071435780762185,0.05071435780762185,0.05071435780762185,0.13785591727042856,0.05071435780762185,0.05071435780762185,0.05071435780762185,0.05071435780762185,0.05071435780762185
157,0.11764705882352941,0.22235294117647061,0.0,1.0,0.4904285724955365,0.2976298698873781,0.21194155761708547,0.05071435780762185,0.05071435780762185,0.05071435780762185,0.05071435780762185,0.05071435780762185,0.05071435780762185,0.05071435780762185,0.05071435780762185,0.05071435780762185,0.13785591727042856,0.05071435780762185,0.05071435780762185,0.05071435780762185,0.05071435780762185,0.05071435780762185,0.05071435780762185,0.05071435780762185,0.05071435780762185
158,0.1111111111111111,0.17,0.1111111111111111,0.8888888888888888,0.45472510904958124,0.25240548285583475,0.29286940809458406,0.05071435780762185,0.05071435780762185,0.05071435780762185,0.05071435780762185,0.05071435780762185,0.05071435780762185,0.05071435780762185,0.05071435780762185,0.05071435780762185,0.05071435780762185,0.05071435780762185,0.05071435780762185,0.05071435780762185,0.13785591727042856,0.05071435780762185,0.05071435780762185,0.05071435780762185,0.05071435780762185
159,0.0,0.612,0.0,1.0,0.5761168847658291,0.21194155761708547,0.21194155761708547,0.046649267858623236,0.046649267858623236,0.046649267858623236,0.046649267858623236,0.046649267858623236,0.046649267858623236,0.046649267858623236,0.046649267858623236,0.12680585713101414,0.046649267858623236,0.12680585713101414,0.046649267858623236,0.046649267858623236,0.046649267858623236,0.046649267858623236,0.046649267858623236,0.046649267858623236,0.046649267858623236
160,0.6,1.566,0.15,0.85,0.3576116884765829,0.2847766230468342,0.3576116884765829,0.12680585713101414,0.046649267858623236,0.046649267858623236,0.046649267858623236,0.046649267858623236,0.046649267858623236,0.12680585713101414,0.046649267858623236,0.046649267858623236,0.046649267858623236,0.046649267858623236,0.046649267858623236,0.046649267858623236,0.046649267858623236,0.046649267858623236,0.046649267858623236,0.046649267858623236,0.046649267858623236
162,1.25,1.0150000000000001,0.0,1.0,0.5761168847658291,0.21194155761708547,0.21194155761708547,0.046649267858623236,0.046649267858623236,0.046649267858623236,0.046649267858623236,0.046649267858623236,0.046649267858623236,0.046649267858623236,0.046649267858623236,0.12680585713101414,0.046649267858623236,0.12680585713101414,0.046649267858623236,0.046649267858623236,0.046649267858623236,0.046649267858623236,0.046649267858623236,0.046649267858623236,0.046649267858623236
163,2.914285714285714,0.5910285714285715,0.03238095238095238,0.9676190476190476,0.5188893333567408,0.23535282864807613,0.24575783799518308,0.04318750477654991,0.11739580945058382,0.11739580945058382,0.04318750477654991,0.04318750477654991,0.04318750477654991,0.04318750477654991,0.04318750477654991,0.04318750477654991,0.04318750477654991,0.04318750477654991,0.04318750477654991,0.04318750477654991,0.04318750477654991,0.04318750477654991,0.04318750477654991,0.11739580945058382,0.04318750477654991
164,0.6666666666666666,0.8927111111111111,0.14454732510288065,0.8554526748971193,0.3333333333333333,0.29286940809458406,0.3737972585720826,0.05071435780762185,0.05071435780762185,0.05071435780762185,0.05071435780762185,0.05071435780762185,0.05071435780762185,0.05071435780762185,0.05071435780762185,0.05071435780762185,0.05071435780762185,0.05071435780762185,0.05071435780762185,0.05071435780762185,0.13785591727042856,0.05071435780762185,0.05071435780762185,0.05071435780762185,0.05071435780762185
166,0.0,0.28,0.0,1.0,0.5761168847658291,0.21194155761708547,0.21194155761708547,0.046649267858623236,0.12680585713101414,0.12680585713101414,0.046649267858623236,0.046649267858623236,0.046649267858623236,0.046649267858623236,0.046649267858623236,0.046649267858623236,0.046649267858623236,0.046649267858623236,0.046649267858623236,0.046649267858623236,0.046649267858623236,0.046649267858623236,0.046649267858623236,0.046649267858623236,0.046649267858623236
167,0.0,0.255,0.0,1.0,0.5761168847658291,0.21194155761708547,0.21194155761708547,0.046649267858623236,0.046649267858623236,0.12680585713101414,0.046649267858623236,0.046649267858623236,0.046649267858623236,0.046649267858623236,0.12680585713101414,0.046649267858623236,0.046649267858623236,0.046649267858623236,0.046649267858623236,0.046649267858623236,0.046649267858623236,0.046649267858623236,0.046649267858623236,0.046649267858623236,0.046649267858623236
170,3.6315789473684212,1.2053894736842106,0.06695906432748537,0.9330409356725146,0.46494757437305473,0.26944292506162393,0.2656095005653214,0.05071435780762185,0.05071435780762185,0.05071435780762185,0.05071435780762185,0.13785591727042856,0.05071435780762185,0.05071435780762185,0.05071435780762185,0.05071435780762185,0.05071435780762185,0.05071435780762185,0.05071435780762185,0.05071435780762185,0.05071435780762185,0.05071435780762185,0.05071435780762185,0.05071435780762185,0.05071435780762185
171,1.0,0.72,0.041666666666666664,0.9583333333333334,0.5154209969077052,0.2321735202364601,0.25240548285583475,0.12680585713101414,0.046649267858623236,0.046649267858623236,0.046649267858623236,0.046649267858623236,0.046649267858623236,0.12680585713101414,0.046649267858623236,0.046649267858623236,0.046649267858623236,0.046649267858623236,0.046649267858623236,0.046649267858623236,0.046649267858623236,0.046649267858623236,0.046649267858623236,0.046649267858623236,0.046649267858623236
172,2.824561403508772,1.621319298245614,0.005847953216374269,0.9941520467836257,0.48667031318543597,0.2949990883703077,0.2183305984442564,0.05071435780762185,0.05071435780762185,0.05071435780762185,0.05071435780762185,0.13785591727042856,0.05071435780762185,0.05071435780762185,0.05071435780762185,0.05071435780762185,0.05071435780762185,0.05071435780762185,0.05071435780762185,0.05071435780762185,0.05071435780762185,0.05071435780762185,0.05071435780762185,0.05071435780762185,0.05071435780762185
173,1.518716577540107,0.3886042780748663,0.0,1.0,0.5060082656355898,0.28205017674732485,0.2119415576170855,0.050714357807621846,0.050714357807621846,0.050714357807621846,0.050714357807621846,0.050714357807621846,0.050714357807621846,0.13785591727042856,0.050714357807621846,0.050714357807621846,0.050714357807621846,0.050714357807621846,0.050714357807621846,0.050714357807621846,0.050714357807621846,0.050714357807621846,0.050714357807621846,0.050714357807621846,0.050714357807621846
175,1.0,1.176,0.42857142857142855,0.5714285714285714,0.21194155761708547,0.21194155761708547,0.5761168847658291,0.05071435780762185,0.05071435780762185,0.05071435780762185,0.05071435780762185,0.05071435780762185,0.05071435780762185,0.05071435780762185,0.05071435780762185,0.13785591727042856,0.05071435780762185,0.05071435780762185,0.05071435780762185,0.05071435780762185,0.05071435780762185,0.05071435780762185,0.05071435780762185,0.05071435780762185,0.05071435780762185
177,2.090909090909091,0.8877272727272728,0.038636363636363635,0.9613636363636363,0.4685196290173366,0.27815525346231157,0.2533251175203518,0.05071435780762185,0.05071435780762185,0.05071435780762185,0.05071435780762185,0.13785591727042856,0.05071435780762185,0.05071435780762185,0.05071435780762185,0.05071435780762185,0.05071435780762185,0.05071435780762185,0.05071435780762185,0.05071435780762185,0.05071435780762185,0.05071435780762185,0.05071435780762185,0.05071435780762185,0.05071435780762185
178,2.4,0.952,0.04,0.96,0.5032818193360804,0.21194155761708547,0.2847766230468342,0.046649267858623236,0.046649267858623236,0.046649267858623236,0.046649267858623236,0.046649267858623236,0.046649267858623236,0.046649267858623236,0.046649267858623236,0.12680585713101414,0.046649267858623236,0.12680585713101414,0.046649267858623236,0.046649267858623236,0.046649267858623236,0.046649267858623236,0.046649267858623236,0.046649267858623236,0.046649267858623236
180,4.3283582089552235,1.2002746268656717,0.13233830845771144,0.8676616915422886,0.40761785280148505,0.2717315367012076,0.3206506104973074,0.05071435780762185,0.05071435780762185,0.05071435780762185,0.05071435780762185,0.13785591727042856,0.05071435780762185,0.05071435780762185,0.05071435780762185,0.05071435780762185,0.05071435780762185,0.05071435780762185,0.05071435780762185,0.05071435780762185,0.05071435780762185,0.05071435780762185,0.05071435780762185,0.05071435780762185,0.05071435780762185
181,1.1072164948453609,0.14574453608247423,0.16646076146076147,0.8335392385392386,0.35648537303179295,0.2716362761909517,0.3718783507772554,0.05071435780762185,0.05071435780762185,0.05071435780762185,0.05071435780762185,0.05071435780762185,0.05071435780762185,0.05071435780762185,0.05071435780762185,0.05071435780762185,0.05071435780762185,0.05071435780762185,0.05071435780762185,0.05071435780762185,0.05071435780762185,0.05071435780762185,0.05071435780762185,0.13785591727042856,0.05071435780762185
182,3.6923076923076925,0.46430769230769225,0.020512820512820513,0.9794871794871794,0.4500561945989563,0.3169921327561461,0.2329516726448976,0.05071435780762185,0.05071435780762185,0.05071435780762185,0.05071435780762185,0.05071435780762185,0.05071435780762185,0.05071435780762185,0.05071435780762185,0.05071435780762185,0.05071435780762185,0.05071435780762185,0.05071435780762185,0.05071435780762185,0.05071435780762185,0.05071435780762185,0.05071435780762185,0.13785591727042856,0.05071435780762185
184,0.9285714285714286,0.19077142857142856,0.05208333333333333,0.9479166666666667,0.4200417445592247,0.2899791277203877,0.2899791277203877,0.046649267858623236,0.046649267858623236,0.046649267858623236,0.046649267858623236,0.12680585713101414,0.12680585713101414,0.046649267858623236,0.046649267858623236,0.046649267858623236,0.046649267858623236,0.046649267858623236,0.046649267858623236,0.046649267858623236,0.046649267858623236,0.046649267858623236,0.046649267858623236,0.046649267858623236,0.046649267858623236
185,0.7142857142857143,0.8821428571428571,0.023809523809523808,0.9761904761904762,0.5240918380302942,0.23795408098485288,0.23795408098485285,0.05071435780762185,0.05071435780762185,0.05071435780762185,0.05071435780762185,0.13785591727042856,0.05071435780762185,0.05071435780762185,0.05071435780762185,0.05071435780762185,0.05071435780762185,0.05071435780762185,0.05071435780762185,0.05071435780762185,0.05071435780762185,0.05071435780762185,0.05071435780762185,0.05071435780762185,0.05071435780762185
187,15.0,1.584,0.03333333333333333,0.9666666666666668,0.5032818193360804,0.21194155761708547,0.2847766230468342,0.046649267858623236,0.046649267858623236,0.046649267858623236,0.046649267858623236,0.046649267858623236,0.046649267858623236,0.046649267858623236,0.046649267858623236,0.12680585713101414,0.046649267858623236,0.12680585713101414,0.046649267858623236,0.046649267858623236,0.046649267858623236,0.046649267858623236,0.046649267858623236,0.046649267858623236,0.046649267858623236
188,1.6666666666666667,0.45333333333333337,0.0,1.0,0.5761168847658291,0.21194155761708547,0.21194155761708547,0.04664926785862324,0.04664926785862324,0.04664926785862324,0.04664926785862324,0.04664926785862324,0.04664926785862324,0.04664926785862324,0.04664926785862324,0.12680585713101414,0.04664926785862324,0.12680585713101414,0.04664926785862324,0.04664926785862324,0.04664926785862324,0.04664926785862324,0.04664926785862324,0.04664926785862324,0.04664926785862324
189,0.6666666666666666,0.222,0.0,1.0,0.3333333333333333,0.4547251090495812,0.21194155761708547,0.05071435780762185,0.05071435780762185,0.13785591727042856,0.05071435780762185,0.05071435780762185,0.05071435780762185,0.05071435780762185,0.05071435780762185,0.05071435780762185,0.05071435780762185,0.05071435780762185,0.05071435780762185,0.05071435780762185,0.05071435780762185,0.05071435780762185,0.05071435780762185,0.05071435780762185,0.05071435780762185
193,0.5,0.27,0.0,1.0,0.5761168847658291,0.21194155761708547,0.21194155761708547,0.046649267858623236,0.046649267858623236,0.046649267858623236,0.046649267858623236,0.12680585713101414,0.046649267858623236,0.046649267858623236,0.12680585713101414,0.046649267858623236,0.046649267858623236,0.046649267858623236,0.046649267858623236,0.046649267858623236,0.046649267858623236,0.046649267858623236,0.046649267858623236,0.046649267858623236,0.046649267858623236
195,0.5510204081632653,0.616530612244898,0.09540816326530611,0.9045918367346939,0.3457202492227464,0.3457202492227464,0.30855950155450723,0.05071435780762185,0.05071435780762185,0.05071435780762185,0.05071435780762185,0.05071435780762185,0.05071435780762185,0.05071435780762185,0.05071435780762185,0.05071435780762185,0.05071435780762185,0.05071435780762185,0.05071435780762185,0.05071435780762185,0.13785591727042856,0.05071435780762185,0.05071435780762185,0.05071435780762185,0.05071435780762185
197,0.0,0.29000000000000004,0.125,0.875,0.3940292211914573,0.21194155761708547,0.3940292211914573,0.05071435780762185,0.05071435780762185,0.05071435780762185,0.05071435780762185,0.05071435780762185,0.05071435780762185,0.05071435780762185,0.05071435780762185,0.05071435780762185,0.05071435780762185,0.05071435780762185,0.05071435780762185,0.05071435780762185,0.13785591727042856,0.05071435780762185,0.05071435780762185,0.05071435780762185,0.05071435780762185
198,2.6666666666666665,0.38966666666666666,0.023809523809523808,0.9761904761904763,0.3940292211914573,0.3333333333333333,0.2726374454752094,0.05071435780762185,0.05071435780762185,0.05071435780762185,0.05071435780762185,0.05071435780762185,0.05071435780762185,0.05071435780762185,0.05071435780762185,0.05071435780762185,0.05071435780762185,0.05071435780762185,0.05071435780762185,0.05071435780762185,0.13785591727042856,0.05071435780762185,0.05071435780762185,0.05071435780762185,0.05071435780762185
199,2.25,0.801,0.0,1.0,0.4850730529786432,0.3029853894042714,0.21194155761708547,0.05071435780762185,0.05071435780762185,0.05071435780762185,0.05071435780762185,0.05071435780762185,0.05071435780762185,0.05071435780762185,0.13785591727042856,0.05071435780762185,0.05071435780762185,0.05071435780762185,0.05071435780762185,0.05071435780762185,0.05071435780762185,0.05071435780762185,0.05071435780762185,0.05071435780762185,0.05071435780762185
200,0.2,0.6828,0.0,1.0,0.3576116884765829,0.43044675390633164,0.21194155761708547,0.05071435780762186,0.05071435780762186,0.05071435780762186,0.05071435780762186,0.05071435780762186,0.05071435780762186,0.05071435780762186,0.13785591727042856,0.05071435780762186,0.05071435780762186,0.05071435780762186,0.05071435780762186,0.05071435780762186,0.05071435780762186,0.05071435780762186,0.05071435780762186,0.05071435780762186,0.05071435780762186
202,7.527272727272727,1.34972,0.1654978354978355,0.8345021645021644,0.3642330580611055,0.271533883877789,0.3642330580611055,0.05071435780762185,0.05071435780762185,0.05071435780762185,0.05071435780762185,0.05071435780762185,0.05071435780762185,0.05071435780762185,0.05071435780762185,0.05071435780762185,0.05071435780762185,0.05071435780762185,0.05071435780762185,0.05071435780762185,0.13785591727042856,0.05071435780762185,0.05071435780762185,0.05071435780762185,0.05071435780762185
