Majority_code,booked_days,order_price_paid,sum_kids,sum_adults,private,group,family,cat_1,cat_2,cat_3,cat_4,cat_5,cat_6,cat_7,cat_8,cat_9,cat_10,cat_11,cat_12,cat_13,cat_14,cat_15,cat_16,cat_17,cat_18
2,1.8571428571428572,0.6423936507936507,0.08775510204081632,0.9122448979591836,0.41566517440786244,0.28942301809358445,0.2949118074985531,0.0516128597638353,0.05280172642475701,0.055954127114261336,0.049235126441991885,0.05684959499075303,0.049235126441991885,0.054279354235617264,0.0599617541062753,0.06452471331666979,0.07789742724956163,0.06333584665574807,0.049235126441991885,0.049235126441991885,0.06504622347388274,0.049235126441991885,0.049235126441991885,0.05052024681955977,0.05180536719712766
12,0.0,1.2145,0.0,1.0,0.3909656220855037,0.3909656220855037,0.2180687558289926,0.06526856776617244,0.06396383999240095,0.06396383999240095,0.04654391785665554,0.08420448593909519,0.04654391785665554,0.04654391785665554,0.08268848990191785,0.06396383999240095,0.04654391785665554,0.04654391785665554,0.04654391785665554,0.04654391785665554,0.04654391785665554,0.04654391785665554,0.04654391785665554,0.06396383999240095,0.04654391785665554
13,2.8035363457760316,0.7593960707269155,0.1056670408831509,0.8943329591168491,0.41508286669102884,0.27989042509949363,0.3050267082094776,0.05724427901717611,0.053300650663941185,0.05592577001328045,0.04957732162732252,0.05902046398897817,0.04971421688968595,0.055518644056424094,0.058348034118129576,0.05584318865652958,0.07686290531822881,0.054539358451122046,0.04957732162732252,0.051327004184600615,0.06970511303845481,0.04957732162732252,0.04957732162732252,0.05253689475757318,0.051804190336585544
15,0.0,1.078,0.5,0.5,0.2180687558289926,0.2180687558289926,0.5638624883420148,0.05105763423406796,0.05105763423406796,0.05105763423406796,0.05105763423406796,0.13202021802084493,0.05105763423406796,0.05105763423406796,0.05105763423406796,0.05105763423406796,0.05105763423406796,0.05105763423406796,0.05105763423406796,0.05105763423406796,0.05105763423406796,0.05105763423406796,0.05105763423406796,0.05105763423406796,0.05105763423406796
17,0.0,0.26,0.0,1.0,0.5638624883420148,0.2180687558289926,0.2180687558289926,0.05105763423406796,0.05105763423406796,0.05105763423406796,0.05105763423406796,0.05105763423406796,0.05105763423406796,0.05105763423406796,0.13202021802084493,0.05105763423406796,0.05105763423406796,0.05105763423406796,0.05105763423406796,0.05105763423406796,0.05105763423406796,0.05105763423406796,0.05105763423406796,0.05105763423406796,0.05105763423406796
19,3.7777777777777777,0.6640444444444444,0.16666666666666666,0.8333333333333334,0.29491180749855306,0.3333333333333333,0.37175485916811357,0.0502078241662981,0.05852989079275006,0.0502078241662981,0.0502078241662981,0.059203666809273324,0.0502078241662981,0.0502078241662981,0.05852989079275006,0.05852989079275006,0.059203666809273324,0.05852989079275006,0.0502078241662981,0.0502078241662981,0.07719535209522375,0.0502078241662981,0.0502078241662981,0.059203666809273324,0.059203666809273324
20,0.3076923076923077,0.828,0.05128205128205128,0.9487179487179487,0.4308648989139294,0.29786730948584383,0.2712677916002268,0.05021613381812126,0.05021613381812126,0.05021613381812126,0.05021613381812126,0.074259783041453,0.05021613381812126,0.05021613381812126,0.061804000920410385,0.0613375406012789,0.06889980699968518,0.055977564559511084,0.05021613381812126,0.05021613381812126,0.07512769806020649,0.05021613381812126,0.05021613381812126,0.05021613381812126,0.05021613381812126
22,17.25,0.965,0.08333333333333333,0.9166666666666666,0.47741405521375924,0.2180687558289926,0.30451718895724816,0.047499954182896625,0.06491987631864204,0.08233979845438744,0.047499954182896625,0.08798124607628512,0.047499954182896625,0.047499954182896625,0.047499954182896625,0.047499954182896625,0.06491987631864203,0.047499954182896625,0.047499954182896625,0.047499954182896625,0.06491987631864203,0.047499954182896625,0.047499954182896625,0.06491987631864204,0.047499954182896625
23,1.8571428571428572,0.8585285714285715,0.25,0.75,0.3415665174407862,0.2674678604737101,0.3909656220855037,0.05613438097214677,0.05078448099799908,0.05078448099799908,0.05078448099799908,0.05656752269705457,0.05078448099799908,0.05613438097214677,0.05078448099799908,0.05078448099799908,0.05656752269705457,0.05078448099799908,0.05078448099799908,0.05078448099799908,0.10861489798855406,0.05078448099799908,0.05078448099799908,0.056567522697054576,0.05078448099799908
28,0.0,1.1233333333333333,0.2736842105263158,0.7263157894736842,0.3333333333333333,0.21806875582899257,0.4485979108376741,0.04978291913241317,0.04978291913241317,0.04978291913241317,0.04978291913241317,0.04978291913241317,0.04978291913241317,0.04978291913241317,0.04978291913241317,0.07474911901176906,0.07677044706133883,0.07474911901176906,0.04978291913241317,0.04978291913241317,0.07677044706133883,0.04978291913241317,0.04978291913241317,0.04978291913241317,0.04978291913241317
31,0.0,0.27266666666666667,0.0,1.0,0.5638624883420148,0.21806875582899257,0.21806875582899257,0.048685847533287065,0.048685847533287065,0.0719124103809476,0.048685847533287065,0.048685847533287065,0.048685847533287065,0.048685847533287065,0.048685847533287065,0.048685847533287065,0.12588746623879893,0.048685847533287065,0.048685847533287065,0.048685847533287065,0.0719124103809476,0.048685847533287065,0.048685847533287065,0.048685847533287065,0.048685847533287065
33,0.0,0.3794,0.3333333333333333,0.6666666666666666,0.2180687558289926,0.2180687558289926,0.5638624883420148,0.05105763423406796,0.05105763423406796,0.05105763423406796,0.05105763423406796,0.05105763423406796,0.05105763423406796,0.05105763423406796,0.05105763423406796,0.05105763423406796,0.05105763423406796,0.05105763423406796,0.05105763423406796,0.05105763423406796,0.05105763423406796,0.05105763423406796,0.05105763423406796,0.13202021802084493,0.05105763423406796
35,31.0,0.3,0.0,1.0,0.5638624883420148,0.2180687558289926,0.2180687558289926,0.047233488929103604,0.047233488929103604,0.047233488929103604,0.047233488929103604,0.047233488929103604,0.047233488929103604,0.047233488929103604,0.047233488929103604,0.12213208856717125,0.047233488929103604,0.12213208856717125,0.047233488929103604,0.047233488929103604,0.047233488929103604,0.047233488929103604,0.047233488929103604,0.047233488929103604,0.047233488929103604
36,0.0,0.21,0.25,0.75,0.3909656220855037,0.2180687558289926,0.3909656220855037,0.049145561581585784,0.049145561581585784,0.049145561581585784,0.049145561581585784,0.08659486140061962,0.08659486140061962,0.049145561581585784,0.049145561581585784,0.049145561581585784,0.049145561581585784,0.049145561581585784,0.049145561581585784,0.049145561581585784,0.08962685347497427,0.049145561581585784,0.049145561581585784,0.049145561581585784,0.049145561581585784
38,2.645077720207254,0.6380113989637306,0.05842585738958796,0.9415741426104121,0.45815352348052096,0.2700273995744726,0.2718190769450064,0.05667572781061465,0.052111646493251874,0.05439076927973719,0.0496567572709217,0.06022125521911272,0.0496567572709217,0.05797363349004368,0.05854155099447742,0.05826677484568147,0.07367108418456053,0.0569490715706006,0.0496567572709217,0.052593224040390296,0.06339345049142045,0.0496567572709217,0.0496567572709217,0.056012782196235456,0.05091524302926538
43,0.15384615384615385,0.6610461538461538,0.11217948717948717,0.8878205128205128,0.44416465785673787,0.25796803265741824,0.2978673094858439,0.053056411652137966,0.052622454142761226,0.05530244216364513,0.04994246612187732,0.06551219377318059,0.052622454142761226,0.053056411652137966,0.04994246612187732,0.05570389686326714,0.07710006087546971,0.05570389686326714,0.04994246612187732,0.053056411652137966,0.07398611534520905,0.04994246612187732,0.04994246612187732,0.052622454142761226,0.04994246612187732
44,2.0,1.076,0.0,1.0,0.5638624883420148,0.2180687558289926,0.2180687558289926,0.12213208856717125,0.047233488929103604,0.047233488929103604,0.047233488929103604,0.047233488929103604,0.047233488929103604,0.12213208856717125,0.047233488929103604,0.047233488929103604,0.047233488929103604,0.047233488929103604,0.047233488929103604,0.047233488929103604,0.047233488929103604,0.047233488929103604,0.047233488929103604,0.047233488929103604,0.047233488929103604
48,8.791666666666666,0.7285083333333334,0.15853174603174602,0.841468253968254,0.40537369427354625,0.27570104458116296,0.31892526114529074,0.05682116604078638,0.05057961607094741,0.05057961607094741,0.05057961607094741,0.06744682102652595,0.05057961607094741,0.05682116604078638,0.05057961607094741,0.0537003910558669,0.08431402598210448,0.0537003910558669,0.05057961607094741,0.05057961607094741,0.06744682102652595,0.05057961607094741,0.05057961607094741,0.05057961607094741,0.053953057062063124
49,73.0,0.9,0.0,1.0,0.5638624883420148,0.2180687558289926,0.2180687558289926,0.05105763423406796,0.05105763423406796,0.05105763423406796,0.05105763423406796,0.13202021802084493,0.05105763423406796,0.05105763423406796,0.05105763423406796,0.05105763423406796,0.05105763423406796,0.05105763423406796,0.05105763423406796,0.05105763423406796,0.05105763423406796,0.05105763423406796,0.05105763423406796,0.05105763423406796,0.05105763423406796
55,10.0,0.4,0.06666666666666667,0.9333333333333333,0.49470374183941035,0.2180687558289926,0.28722750233159705,0.06166155199875868,0.07455370748833781,0.07455370748833781,0.04668183207114516,0.06166155199875869,0.06166155199875869,0.06166155199875868,0.04668183207114516,0.04668183207114516,0.06287434882850054,0.04668183207114516,0.04668183207114516,0.04668183207114516,0.04668183207114516,0.04668183207114516,0.04668183207114516,0.07455370748833781,0.04668183207114516
56,4.666666666666667,0.6625,0.0,1.0,0.4485979108376741,0.3333333333333333,0.21806875582899257,0.05042027668324056,0.0629033766229185,0.0629033766229185,0.05042027668324056,0.09090156857662905,0.05042027668324056,0.05042027668324056,0.05042027668324056,0.05042027668324056,0.0639140406477034,0.05042027668324056,0.05042027668324056,0.05042027668324056,0.0639140406477034,0.05042027668324056,0.05042027668324056,0.05042027668324056,0.05042027668324056
57,0.4931506849315068,0.7481068493150685,0.0271689497716895,0.9728310502283105,0.45491377809818584,0.2985960634005183,0.2464901585012958,0.05549097809051051,0.054321986010671605,0.05410751021224342,0.04933492880518988,0.07540601566823854,0.05036093701940999,0.05890127583720969,0.065175122428141,0.06040654336318283,0.05885293659080094,0.057542994518950716,0.04933492880518988,0.04933492880518988,0.05885293659080094,0.04933492880518988,0.04933492880518988,0.05457119083870076,0.04933492880518988
59,6.2,0.79828,0.22059523809523812,0.7794047619047619,0.35638624883420145,0.2526481290802948,0.3909656220855037,0.057400250606385414,0.04991039064257865,0.04991039064257865,0.04991039064257865,0.0620547782105952,0.04991039064257865,0.05365532062448203,0.05365532062448204,0.06489011057019219,0.0701510365892729,0.06489011057019219,0.04991039064257865,0.04991039064257865,0.0701510365892729,0.04991039064257865,0.04991039064257865,0.0539585198319175,0.04991039064257865
64,0.47058823529411764,0.6648235294117647,0.19732620320855615,0.8026737967914438,0.38079521818806183,0.25875037141875995,0.3604544103931782,0.0537578829823686,0.04935208300365874,0.04935208300365874,0.04935208300365874,0.04935208300365874,0.053450888212069426,0.0537578829823686,0.05754969342048011,0.06195549339918997,0.09155092764114094,0.06195549339918997,0.04935208300365874,0.04935208300365874,0.06773840299797124,0.04935208300365874,0.04935208300365874,0.05411458793229268,0.04935208300365874
65,0.6,0.7866,0.0,1.0,0.49470374183941035,0.28722750233159705,0.2180687558289926,0.04810490409161368,0.04810490409161368,0.06204084180021001,0.04810490409161368,0.04810490409161368,0.04810490409161368,0.06429742084896908,0.04810490409161368,0.07806434394684074,0.06204084180021001,0.07806434394684074,0.04810490409161368,0.04810490409161368,0.06204084180021001,0.04810490409161368,0.04810490409161368,0.04810490409161368,0.06429742084896908
68,0.6363636363636364,0.8583999999999999,0.12878787878787878,0.8712121212121212,0.4066835190179138,0.2495045496938128,0.3438119312882734,0.05552994728120335,0.04872098367774265,0.04872098367774265,0.04872098367774265,0.09921691015625568,0.04872098367774265,0.04872098367774265,0.06819898156174546,0.07500794516520616,0.04872098367774265,0.06867342802493509,0.04872098367774265,0.04872098367774265,0.04872098367774265,0.04872098367774265,0.04872098367774265,0.04872098367774265,0.04872098367774265
70,0.21875,0.5327125,0.13020833333333334,0.8697916666666666,0.4449958927906634,0.2396808641110565,0.3153232430982801,0.05245883322487855,0.05011825198618893,0.05011825198618893,0.05011825198618893,0.05770849421619927,0.05011825198618893,0.05498891396821533,0.05482582299649389,0.06399864844660517,0.06276865570287284,0.06399864844660517,0.05011825198618893,0.055178413472862495,0.07541905941955673,0.05011825198618893,0.05011825198618893,0.05011825198618893,0.05770849421619927
74,0.0,0.24,0.0,1.0,0.5638624883420148,0.2180687558289926,0.2180687558289926,0.05105763423406796,0.05105763423406796,0.05105763423406796,0.05105763423406796,0.05105763423406796,0.05105763423406796,0.05105763423406796,0.05105763423406796,0.05105763423406796,0.13202021802084493,0.05105763423406796,0.05105763423406796,0.05105763423406796,0.05105763423406796,0.05105763423406796,0.05105763423406796,0.05105763423406796,0.05105763423406796
75,1.8148148148148149,0.7964592592592593,0.10493827160493827,0.8950617283950618,0.44859791083767403,0.2500866940246428,0.30131539513768313,0.056554867554883086,0.0522005412381354,0.05884565725489615,0.04961981203283979,0.07949365817333665,0.04961981203283979,0.058391062670307255,0.058166470664799505,0.05516785645047442,0.05798882716227082,0.05516785645047442,0.04961981203283979,0.05111911914000232,0.06398605559092096,0.04961981203283979,0.04961981203283979,0.05519915545246047,0.04961981203283979
77,3.4525547445255476,0.7172773722627737,0.07029964662263932,0.9297003533773607,0.4629008146155849,0.25908443578035467,0.2780147496040603,0.05381979748196686,0.05283783929502367,0.054745130039813315,0.04971950918061279,0.07293973370218387,0.04985618545732459,0.05631645651549413,0.05739704539687027,0.05895970106587729,0.06861712316532825,0.05687763980280588,0.049867251121829534,0.0510491866515635,0.06315067134030865,0.04971950918061279,0.04971950918061279,0.053801750593858756,0.05060596082791327
89,0.0,0.554025,0.0,1.0,0.3909656220855037,0.39096562208550373,0.2180687558289926,0.049690196058154584,0.05840015712602729,0.05840015712602729,0.049690196058154584,0.059810519031501704,0.049690196058154584,0.059810519031501704,0.049690196058154584,0.059052521012913035,0.059810519031501704,0.059052521012913035,0.049690196058154584,0.049690196058154584,0.049690196058154584,0.049690196058154584,0.049690196058154584,0.0685204800993744,0.06993084200484882
91,1.0,1.282,0.0,1.0,0.5638624883420148,0.2180687558289926,0.2180687558289926,0.047233488929103604,0.047233488929103604,0.047233488929103604,0.047233488929103604,0.047233488929103604,0.047233488929103604,0.047233488929103604,0.12213208856717125,0.12213208856717125,0.047233488929103604,0.047233488929103604,0.047233488929103604,0.047233488929103604,0.047233488929103604,0.047233488929103604,0.047233488929103604,0.047233488929103604,0.047233488929103604
95,3.6153846153846154,1.051823076923077,0.21358849483849485,0.786411505161505,0.3111670684286524,0.30451718895724816,0.3843157426140994,0.057187049813657014,0.05276561308270915,0.05544560110359306,0.049985261386919735,0.057770125212571376,0.049985261386919735,0.05430633444296211,0.05730366489343989,0.052865976757614654,0.06045011323345528,0.052865976757614654,0.049985261386919735,0.0530992069171804,0.09314654130119214,0.049985261386919735,0.049985261386919735,0.0513252553973617,0.051542234152050066
98,10.0,0.8339,0.0,1.0,0.5638624883420148,0.2180687558289926,0.2180687558289926,0.049278794208482295,0.06669871634422771,0.06669871634422771,0.049278794208482295,0.08976008610187078,0.049278794208482295,0.049278794208482295,0.06951944015517654,0.049278794208482295,0.049278794208482295,0.049278794208482295,0.049278794208482295,0.049278794208482295,0.049278794208482295,0.049278794208482295,0.049278794208482295,0.06669871634422771,0.049278794208482295
100,1.3333333333333333,0.8250000000000001,0.0,1.0,0.4774140552137593,0.30451718895724816,0.21806875582899257,0.053971361176884954,0.06558464260071523,0.059343092630876254,0.04772981120704598,0.07471733913597163,0.04772981120704598,0.04772981120704598,0.0718261925705542,0.06558464260071523,0.05447669318927739,0.06558464260071523,0.04772981120704598,0.04772981120704598,0.04772981120704598,0.04772981120704598,0.04772981120704598,0.059343092630876254,0.04772981120704598
101,1.6875,0.6660375,0.06875,0.93125,0.4125777303675676,0.30451718895724816,0.2829050806751843,0.06538110152167376,0.050579616070947415,0.050579616070947415,0.050579616070947415,0.050579616070947415,0.050579616070947415,0.050579616070947415,0.06500210251237944,0.055260778548326644,0.0910609079643359,0.050579616070947415,0.050579616070947415,0.050579616070947415,0.05563977755762097,0.05563977755762097,0.050579616070947415,0.05563977755762097,0.050579616070947415
102,4.621621621621622,0.7060162162162162,0.038288288288288286,0.9617117117117118,0.47975049935236075,0.2647976386010226,0.25545186204661663,0.054130268511279736,0.053848165208842655,0.053848165208842655,0.050081695557870676,0.08041124360573776,0.050081695557870676,0.06742322761585734,0.05587245168554719,0.053848165208842655,0.06321076319896965,0.05196493038335667,0.050081695557870676,0.05226987349805384,0.05664622937842016,0.050081695557870676,0.050081695557870676,0.05603634314902582,0.050081695557870676
103,2.9583333333333335,1.0052083333333333,0.23956054910002278,0.7604394508999772,0.3117212250512695,0.2612929723931204,0.4269858025556102,0.05105598534468622,0.04949559785222648,0.06256053945403553,0.04949559785222648,0.06298936181668931,0.04949559785222648,0.05105598534468622,0.05263397852576312,0.05263397852576312,0.07268086242738266,0.05094725803020526,0.04949559785222648,0.051182318347784334,0.08617462639184548,0.04949559785222648,0.04949559785222648,0.0596159208255736,0.04949559785222648
105,3.55012853470437,0.6874421593830334,0.0845561964456566,0.9154438035543434,0.37363148896467097,0.3211846246503565,0.30518388638497246,0.05243569564151498,0.05298685675957063,0.05797770130987124,0.04951639753645474,0.05249332370761843,0.049874647863153876,0.0549644333632084,0.05870320479025229,0.057265188374934044,0.08081939225086396,0.05500618419927829,0.04951639753645474,0.049932657607337914,0.062087689061121214,0.04951639753645474,0.04951639753645474,0.05954583597133779,0.05784159895411818
108,0.5,0.3579,0.0,1.0,0.5638624883420148,0.2180687558289926,0.2180687558289926,0.05105763423406796,0.05105763423406796,0.05105763423406796,0.05105763423406796,0.05105763423406796,0.05105763423406796,0.05105763423406796,0.05105763423406796,0.05105763423406796,0.09153892612745644,0.05105763423406796,0.05105763423406796,0.05105763423406796,0.09153892612745644,0.05105763423406796,0.05105763423406796,0.05105763423406796,0.05105763423406796
109,0.0,0.8057000000000001,0.0,1.0,0.5638624883420148,0.2180687558289926,0.2180687558289926,0.0865948614006196,0.049145561581585784,0.049145561581585784,0.049145561581585784,0.049145561581585784,0.049145561581585784,0.0865948614006196,0.049145561581585784,0.049145561581585784,0.049145561581585784,0.049145561581585784,0.049145561581585784,0.08962685347497426,0.049145561581585784,0.049145561581585784,0.049145561581585784,0.049145561581585784,0.049145561581585784
110,18.666666666666668,0.8056333333333333,0.05555555555555555,0.9444444444444445,0.5062301995898445,0.21806875582899257,0.27570104458116296,0.047499954182896625,0.0591132356067269,0.07072651703055717,0.047499954182896625,0.06099371814735945,0.047499954182896625,0.047499954182896625,0.0591132356067269,0.0591132356067269,0.07260699957118973,0.0591132356067269,0.047499954182896625,0.047499954182896625,0.07260699957118973,0.047499954182896625,0.047499954182896625,0.0591132356067269,0.047499954182896625
114,6.9375,0.9420375,0.125,0.875,0.45580194693169535,0.2396808641110565,0.30451718895724816,0.059019212856188906,0.049656887901430455,0.049656887901430455,0.049656887901430455,0.06919235289538749,0.049656887901430455,0.054338050378809684,0.06805535586750448,0.06337419339012526,0.06483737236145114,0.049656887901430455,0.049656887901430455,0.049656887901430455,0.0698975338481247,0.049656887901430455,0.049656887901430455,0.049656887901430455,0.05471704938810401
115,0.5,0.29200000000000004,0.0,1.0,0.5638624883420148,0.2180687558289926,0.2180687558289926,0.05105763423406796,0.05105763423406796,0.05105763423406796,0.05105763423406796,0.09153892612745644,0.05105763423406796,0.05105763423406796,0.05105763423406796,0.05105763423406796,0.09153892612745644,0.05105763423406796,0.05105763423406796,0.05105763423406796,0.05105763423406796,0.05105763423406796,0.05105763423406796,0.05105763423406796,0.05105763423406796
117,6.428571428571429,0.8647142857142857,0.14285714285714285,0.8571428571428571,0.2674678604737101,0.41566517440786244,0.3168669651184275,0.06121112771022557,0.05051132776193019,0.05051132776193019,0.05051132776193019,0.05051132776193019,0.05051132776193019,0.05051132776193019,0.06121112771022557,0.05051132776193019,0.05051132776193019,0.05051132776193019,0.05051132776193019,0.05051132776193019,0.11990782815059617,0.05051132776193019,0.05051132776193019,0.05051132776193019,0.05051132776193019
122,10.75,0.6763250000000001,0.14583333333333331,0.8541666666666666,0.43418983864963145,0.2180687558289926,0.3477414055213759,0.059052521012913035,0.05840015712602729,0.05840015712602729,0.049690196058154584,0.06993084200484882,0.049690196058154584,0.059810519031501704,0.059052521012913035,0.049690196058154584,0.06993084200484882,0.049690196058154584,0.049690196058154584,0.049690196058154584,0.059810519031501704,0.049690196058154584,0.049690196058154584,0.05840015712602729,0.049690196058154584
123,0.43478260869565216,0.8176260869565217,0.07536231884057971,0.9246376811594202,0.47365542768644375,0.23310326593825445,0.29324130637530177,0.05875822692885103,0.04898884436736394,0.05807749939470937,0.04898884436736394,0.059058620720256784,0.04898884436736394,0.05875822692885103,0.055274856896974776,0.05853131775080381,0.06511772407182041,0.052245305221192966,0.04898884436736394,0.04898884436736394,0.09327862278026458,0.04898884436736394,0.04898884436736394,0.04898884436736394,0.04898884436736394
125,0.0,0.568,0.5,0.5,0.2180687558289926,0.2180687558289926,0.5638624883420148,0.0439422741317253,0.11362196267470694,0.11362196267470694,0.0439422741317253,0.0439422741317253,0.0439422741317253,0.0439422741317253,0.0439422741317253,0.0439422741317253,0.0439422741317253,0.0439422741317253,0.0439422741317253,0.0439422741317253,0.0439422741317253,0.0439422741317253,0.0439422741317253,0.11362196267470694,0.0439422741317253
127,0.0,0.2,0.0,1.0,0.5638624883420148,0.2180687558289926,0.2180687558289926,0.05105763423406796,0.05105763423406796,0.05105763423406796,0.05105763423406796,0.05105763423406796,0.05105763423406796,0.05105763423406796,0.05105763423406796,0.05105763423406796,0.13202021802084493,0.05105763423406796,0.05105763423406796,0.05105763423406796,0.05105763423406796,0.05105763423406796,0.05105763423406796,0.05105763423406796,0.05105763423406796
130,9.11111111111111,0.8924444444444445,0.15151515151515152,0.8484848484848485,0.29491180749855306,0.37175485916811357,0.3333333333333333,0.05105763423406796,0.05105763423406796,0.05105763423406796,0.05105763423406796,0.05105763423406796,0.05105763423406796,0.05105763423406796,0.05105763423406796,0.05105763423406796,0.0690493195200184,0.05105763423406796,0.05105763423406796,0.05105763423406796,0.1140285327348945,0.05105763423406796,0.05105763423406796,0.05105763423406796,0.05105763423406796
133,0.6666666666666666,0.5499999999999999,0.0,1.0,0.5638624883420148,0.21806875582899257,0.21806875582899257,0.05105763423406796,0.05105763423406796,0.05105763423406796,0.05105763423406796,0.10503269009191928,0.05105763423406796,0.05105763423406796,0.05105763423406796,0.05105763423406796,0.07804516216299362,0.05105763423406796,0.05105763423406796,0.05105763423406796,0.05105763423406796,0.05105763423406796,0.05105763423406796,0.05105763423406796,0.05105763423406796
134,0.0,1.5037600000000002,0.03333333333333333,0.9666666666666666,0.35638624883420145,0.35638624883420145,0.28722750233159705,0.051057634234067964,0.051057634234067964,0.051057634234067964,0.051057634234067964,0.08344266774877876,0.051057634234067964,0.051057634234067964,0.051057634234067964,0.051057634234067964,0.06725015099142335,0.051057634234067964,0.051057634234067964,0.051057634234067964,0.08344266774877875,0.051057634234067964,0.051057634234067964,0.051057634234067964,0.051057634234067964
135,0.375,0.651425,0.125,0.875,0.39096562208550373,0.30451718895724816,0.30451718895724816,0.05010159790782687,0.05010159790782687,0.05010159790782687,0.05010159790782687,0.07034224385452112,0.05010159790782687,0.05010159790782687,0.06022192088117399,0.06882624781734378,0.06022192088117399,0.06882624781734378,0.05010159790782687,0.05010159790782687,0.0703422438545211,0.05010159790782687,0.05010159790782687,0.05010159790782687,0.05010159790782687
144,1.0,0.5965,0.125,0.875,0.47741405521375924,0.2180687558289926,0.30451718895724816,0.047499954182896625,0.08233979845438745,0.08233979845438745,0.047499954182896625,0.06774060012959088,0.047499954182896625,0.047499954182896625,0.047499954182896625,0.047499954182896625,0.06774060012959088,0.047499954182896625,0.047499954182896625,0.047499954182896625,0.047499954182896625,0.047499954182896625,0.047499954182896625,0.08233979845438745,0.047499954182896625
146,3.8333333333333335,1.1376,0.03333333333333333,0.9666666666666667,0.27570104458116296,0.4485979108376741,0.27570104458116296,0.05042027668324056,0.05042027668324056,0.0629033766229185,0.05042027668324056,0.05042027668324056,0.05042027668324056,0.05042027668324056,0.0629033766229185,0.05042027668324056,0.05042027668324056,0.05042027668324056,0.05042027668324056,0.05042027668324056,0.10439533254109189,0.05042027668324056,0.05042027668324056,0.0639140406477034,0.05042027668324056
147,1.6,0.7472,0.18571428571428572,0.8142857142857143,0.35638624883420145,0.2180687558289926,0.4255449953368059,0.051057634234067964,0.051057634234067964,0.051057634234067964,0.051057634234067964,0.051057634234067964,0.051057634234067964,0.051057634234067964,0.051057634234067964,0.051057634234067964,0.08344266774877875,0.051057634234067964,0.051057634234067964,0.051057634234067964,0.09963518450613414,0.051057634234067964,0.051057634234067964,0.051057634234067964,0.051057634234067964
148,0.0,0.808,0.25,0.75,0.2180687558289926,0.2180687558289926,0.5638624883420148,0.05105763423406796,0.05105763423406796,0.05105763423406796,0.05105763423406796,0.05105763423406796,0.05105763423406796,0.05105763423406796,0.05105763423406796,0.05105763423406796,0.05105763423406796,0.05105763423406796,0.05105763423406796,0.05105763423406796,0.13202021802084493,0.05105763423406796,0.05105763423406796,0.05105763423406796,0.05105763423406796
153,0.0,1.407,0.3214285714285714,0.6785714285714286,0.2180687558289926,0.2180687558289926,0.5638624883420148,0.05105763423406796,0.05105763423406796,0.05105763423406796,0.05105763423406796,0.05105763423406796,0.05105763423406796,0.05105763423406796,0.05105763423406796,0.05105763423406796,0.05105763423406796,0.05105763423406796,0.05105763423406796,0.05105763423406796,0.13202021802084493,0.05105763423406796,0.05105763423406796,0.05105763423406796,0.05105763423406796
154,0.0,0.305425,0.0625,0.9375,0.520638271777887,0.2180687558289926,0.2612929723931204,0.05105763423406796,0.05105763423406796,0.05105763423406796,0.05105763423406796,0.05105763423406796,0.05105763423406796,0.05105763423406796,0.05105763423406796,0.05105763423406796,0.05105763423406796,0.05105763423406796,0.05105763423406796,0.05105763423406796,0.1117795720741507,0.05105763423406796,0.05105763423406796,0.0712982801807622,0.05105763423406796
157,0.3333333333333333,0.6,0.0,1.0,0.5638624883420148,0.21806875582899257,0.21806875582899257,0.04741113243163229,0.07063769527929283,0.07063769527929283,0.04741113243163229,0.07439866036055794,0.04741113243163229,0.04741113243163229,0.04741113243163229,0.07237733231098817,0.04741113243163229,0.07237733231098817,0.04741113243163229,0.04741113243163229,0.04741113243163229,0.04741113243163229,0.04741113243163229,0.07063769527929283,0.04741113243163229
158,4.578616352201258,0.7037169811320755,0.15787354678864113,0.8421264532113589,0.3420325467298873,0.3050608897945328,0.35290656347557986,0.05368810151983485,0.0547952427333643,0.056449720852148375,0.049372281613922736,0.052827572224708484,0.04984334198900492,0.051294661379337705,0.06296645201983747,0.05997690685926836,0.0829918592680579,0.05812548869916027,0.049372281613922736,0.04988148025409114,0.06415150958182678,0.049372281613922736,0.049372281613922736,0.05512785726940919,0.05039067889425955
159,3.5,0.544,0.0,1.0,0.5638624883420148,0.2180687558289926,0.2180687558289926,0.047233488929103604,0.08468278874813742,0.047233488929103604,0.047233488929103604,0.047233488929103604,0.047233488929103604,0.047233488929103604,0.08468278874813742,0.08468278874813742,0.047233488929103604,0.08468278874813742,0.047233488929103604,0.047233488929103604,0.047233488929103604,0.047233488929103604,0.047233488929103604,0.047233488929103604,0.047233488929103604
160,0.0,0.5,0.0,1.0,0.5638624883420148,0.2180687558289926,0.2180687558289926,0.0439422741317253,0.11362196267470694,0.11362196267470694,0.0439422741317253,0.0439422741317253,0.0439422741317253,0.0439422741317253,0.0439422741317253,0.0439422741317253,0.0439422741317253,0.0439422741317253,0.0439422741317253,0.0439422741317253,0.0439422741317253,0.0439422741317253,0.0439422741317253,0.11362196267470694,0.0439422741317253
161,9.0,1.4106,0.5714285714285714,0.42857142857142855,0.2180687558289926,0.2180687558289926,0.5638624883420148,0.05105763423406796,0.05105763423406796,0.05105763423406796,0.05105763423406796,0.05105763423406796,0.05105763423406796,0.05105763423406796,0.05105763423406796,0.05105763423406796,0.05105763423406796,0.05105763423406796,0.05105763423406796,0.05105763423406796,0.13202021802084493,0.05105763423406796,0.05105763423406796,0.05105763423406796,0.05105763423406796
166,0.7073170731707317,0.7170975609756097,0.03902439024390244,0.9609756097560975,0.4626545666308864,0.28554070363641154,0.25180472973270207,0.0644854578719991,0.053270106164228906,0.053270106164228906,0.04987109696701029,0.07159276578785288,0.04987109696701029,0.07238424653412368,0.06171927996019717,0.05169789208013388,0.05974458279466602,0.05169789208013388,0.04987109696701029,0.04987109696701029,0.05579518846360373,0.04987109696701029,0.04987109696701029,0.055244803329760055,0.04987109696701029
167,0.9375,0.618625,0.0625,0.9375,0.43418983864963145,0.2829050806751843,0.2829050806751843,0.059019212856188906,0.049656887901430455,0.05901921285618891,0.049656887901430455,0.0698975338481247,0.049656887901430455,0.0644583733521568,0.06805535586750448,0.0540118684353668,0.06483737236145114,0.0540118684353668,0.049656887901430455,0.049656887901430455,0.059777210874777574,0.049656887901430455,0.049656887901430455,0.049656887901430455,0.049656887901430455
171,5.82,0.7363719999999999,0.11592857142857144,0.8840714285714286,0.4324608699870664,0.2664798783808157,0.30105925163211794,0.0574876818238672,0.05416170171156686,0.054057323489665146,0.049876542177086244,0.06432852757573192,0.049876542177086244,0.0513745141698476,0.05865561768985093,0.05576405192622994,0.07717816275971451,0.05426607993346859,0.049876542177086244,0.049876542177086244,0.06746265270530127,0.049876542177086244,0.049876542177086244,0.05288938762368142,0.05311504552855733
172,7.642857142857143,0.6352428571428571,0.16071428571428573,0.8392857142857143,0.3168669651184275,0.31686696511842755,0.36626606976314496,0.05054939422675776,0.05054939422675776,0.05552651483697074,0.05054939422675776,0.06211547762486876,0.05054939422675776,0.06211547762486876,0.05054939422675776,0.05054939422675776,0.07287563993413723,0.05054939422675776,0.05054939422675776,0.05054939422675776,0.08444172333224823,0.05054939422675776,0.05054939422675776,0.05054939422675776,0.056332435925813266
177,3.925925925925926,0.848725925925926,0.043209876543209874,0.95679012345679,0.44859791083767403,0.29491180749855306,0.25649028166377286,0.05024730050019337,0.05024730050019337,0.06095680332841923,0.05024730050019337,0.07723482842911901,0.05024730050019337,0.053245914714518436,0.06479118756080322,0.05024730050019337,0.06440460155375981,0.05024730050019337,0.05024730050019337,0.05024730050019337,0.07040182998240996,0.05024730050019337,0.05024730050019337,0.05024730050019337,0.05624452892884351
178,0.16666666666666666,0.7167333333333333,0.303988603988604,0.696011396011396,0.3333333333333333,0.2180687558289926,0.4485979108376741,0.0539735596960606,0.0539735596960606,0.05368362019077804,0.04981252638283462,0.04981252638283462,0.04981252638283462,0.06296940233903582,0.0539735596960606,0.058134593009286584,0.07167530547672847,0.058134593009286584,0.04981252638283462,0.04981252638283462,0.0806711481197037,0.04981252638283462,0.04981252638283462,0.05431044770432222,0.04981252638283462
179,8.676470588235293,0.7702705882352942,0.058823529411764705,0.9411764705882353,0.4113064298803874,0.3096023909059691,0.27909117921364357,0.05464518735723712,0.05226393489292015,0.05006103490356522,0.05006103490356522,0.07592296215094026,0.05006103490356522,0.05702643982155409,0.05431333749712549,0.06312493745454521,0.06196729722515006,0.061075534850339876,0.05006103490356522,0.05244228736788219,0.0595860447608331,0.05006103490356522,0.05006103490356522,0.05720479229651613,0.05006103490356522
182,0.0,0.711,0.0,1.0,0.5638624883420148,0.2180687558289926,0.2180687558289926,0.12213208856717125,0.047233488929103604,0.047233488929103604,0.047233488929103604,0.047233488929103604,0.047233488929103604,0.047233488929103604,0.12213208856717125,0.047233488929103604,0.047233488929103604,0.047233488929103604,0.047233488929103604,0.047233488929103604,0.047233488929103604,0.047233488929103604,0.047233488929103604,0.047233488929103604,0.047233488929103604
184,6.444444444444445,0.9550222222222222,0.037037037037037035,0.9629629629629629,0.4485979108376741,0.29491180749855306,0.25649028166377286,0.0490515380663291,0.0490515380663291,0.0490515380663291,0.0490515380663291,0.10302659392418041,0.0490515380663291,0.0490515380663291,0.06453591329810279,0.07285797992455476,0.0490515380663291,0.07285797992455476,0.0490515380663291,0.0490515380663291,0.0490515380663291,0.0490515380663291,0.0490515380663291,0.0490515380663291,0.0490515380663291
187,1.75,0.811225,0.17083333333333334,0.8291666666666666,0.34774140552137595,0.2612929723931204,0.3909656220855037,0.059702931944145596,0.05502176946676637,0.05034060698938714,0.05034060698938714,0.06552109144940782,0.05034060698938714,0.059702931944145596,0.05502176946676637,0.05034060698938714,0.060460929962734264,0.05034060698938714,0.05034060698938714,0.05034060698938714,0.08576173739610207,0.05034060698938714,0.05034060698938714,0.05034060698938714,0.0554007684760607
188,0.0,0.948,0.0,1.0,0.5638624883420148,0.2180687558289926,0.2180687558289926,0.05105763423406796,0.05105763423406796,0.05105763423406796,0.05105763423406796,0.09153892612745644,0.05105763423406796,0.05105763423406796,0.05105763423406796,0.05105763423406796,0.05105763423406796,0.05105763423406796,0.05105763423406796,0.05105763423406796,0.09153892612745644,0.05105763423406796,0.05105763423406796,0.05105763423406796,0.05105763423406796
189,2.0,0.8015888888888889,0.018518518518518517,0.9814814814814815,0.41017638500289383,0.35254409625072347,0.2372795187463827,0.047989275481616786,0.07179571733984244,0.06763468402661647,0.047989275481616786,0.056648230116330384,0.047989275481616786,0.047989275481616786,0.05631134210806875,0.06463340873452071,0.07047888208905483,0.06463340873452071,0.047989275481616786,0.047989275481616786,0.047989275481616786,0.047989275481616786,0.047989275481616786,0.06797157203487808,0.047989275481616786
190,0.0,0.40790000000000004,0.0,1.0,0.3909656220855037,0.3909656220855037,0.2180687558289926,0.05105763423406796,0.05105763423406796,0.05105763423406796,0.05105763423406796,0.05105763423406796,0.05105763423406796,0.05105763423406796,0.05105763423406796,0.05105763423406796,0.09153892612745644,0.05105763423406796,0.05105763423406796,0.05105763423406796,0.05105763423406796,0.05105763423406796,0.05105763423406796,0.09153892612745644,0.05105763423406796
191,0.05263157894736842,0.5828842105263158,0.23157894736842108,0.7684210526315789,0.3636661168871072,0.23626842596125694,0.40006545715163583,0.06541686483499007,0.04964873859539688,0.04964873859539688,0.04964873859539688,0.05753280171519348,0.05753280171519348,0.06541686483499007,0.05785195877565186,0.053590770155295175,0.06669349307682361,0.04964873859539688,0.04964873859539688,0.053909927215753564,0.062432304456466935,0.04964873859539688,0.04964873859539688,0.06243230445646692,0.04964873859539688
193,8.31578947368421,0.7780421052631579,0.06578947368421052,0.9342105263157895,0.4546644675484288,0.2726677662257856,0.2726677662257856,0.05177440491863511,0.047832373358736816,0.06983648553020469,0.047832373358736816,0.051499725387314794,0.047832373358736816,0.07308034802041853,0.051499725387314794,0.059383788507111394,0.07409767415056139,0.0557164364785334,0.047832373358736816,0.047832373358736816,0.07835886277091807,0.047832373358736816,0.047832373358736816,0.0520935619790935,0.047832373358736816
197,1.3448275862068966,0.848103448275862,0.13103448275862067,0.8689655172413793,0.4326993484232822,0.25384052126137424,0.31346013031534353,0.06655439571303157,0.05105813371894861,0.04847542338660144,0.04847542338660144,0.059253610969474284,0.04847542338660144,0.06655439571303157,0.06643271416172676,0.0711799290230618,0.05126723662062823,0.06619447080992219,0.04847542338660144,0.04847542338660144,0.06522630279076219,0.04847542338660144,0.04847542338660144,0.04847542338660144,0.04847542338660144
198,7.308724832214765,0.8161664429530201,0.1590683924576542,0.8409316075423457,0.3689183706836667,0.28537089168723184,0.3457107376291015,0.05908342824228944,0.05216435881566206,0.05730849689601641,0.04928841281936634,0.057755209160688804,0.04928841281936634,0.05673284393627937,0.06379494365520824,0.058091382053055036,0.0756240996761254,0.05618576013851133,0.04928841281936634,0.049831785864915185,0.0631265196285021,0.04928841281936634,0.04928841281936634,0.05294057587990224,0.05091853195601286
200,2.0,0.4378,0.0,1.0,0.49470374183941035,0.28722750233159705,0.2180687558289926,0.048211490193130896,0.07608336561032356,0.07608336561032356,0.048211490193130896,0.06440400695048629,0.048211490193130896,0.048211490193130896,0.08059652370784168,0.048211490193130896,0.048211490193130896,0.048211490193130896,0.048211490193130896,0.048211490193130896,0.048211490193130896,0.048211490193130896,0.048211490193130896,0.07608336561032356,0.048211490193130896
202,0.125,0.67425,0.0,1.0,0.520638271777887,0.2612929723931204,0.2180687558289926,0.049212177895034036,0.058574502849792494,0.049212177895034036,0.049212177895034036,0.0882831078829481,0.049212177895034036,0.049212177895034036,0.0672844639176652,0.0672844639176652,0.05933250086838116,0.058574502849792494,0.049212177895034036,0.049212177895034036,0.059332500868381155,0.049212177895034036,0.049212177895034036,0.049212177895034036,0.049212177895034036
210,0.5,0.30979999999999996,0.0,1.0,0.5638624883420148,0.2180687558289926,0.2180687558289926,0.05105763423406796,0.05105763423406796,0.05105763423406796,0.05105763423406796,0.09153892612745644,0.05105763423406796,0.05105763423406796,0.05105763423406796,0.05105763423406796,0.05105763423406796,0.05105763423406796,0.05105763423406796,0.05105763423406796,0.09153892612745644,0.05105763423406796,0.05105763423406796,0.05105763423406796,0.05105763423406796
218,1.183350357507661,0.4127502553626149,0.12019650137627665,0.8798034986237233,0.39061241091848325,0.2816467658926739,0.32774082318884284,0.053135130586055464,0.05193259084904901,0.05420570238667307,0.05024760306933057,0.055650513241154394,0.05051004044179038,0.053247711903321594,0.0554217622051357,0.054067603613376786,0.06588788899486878,0.05329275544358071,0.05024760306933057,0.050661099411448945,0.06092593288944832,0.05024760306933057,0.05024760306933057,0.08845871475845354,0.0516121409983212
221,0.0,0.97,0.0,1.0,0.3909656220855037,0.3909656220855037,0.2180687558289926,0.049145561581585784,0.049145561581585784,0.049145561581585784,0.049145561581585784,0.049145561581585784,0.049145561581585784,0.049145561581585784,0.049145561581585784,0.0865948614006196,0.08962685347497426,0.0865948614006196,0.049145561581585784,0.049145561581585784,0.049145561581585784,0.049145561581585784,0.049145561581585784,0.049145561581585784,0.049145561581585784
225,1.5454545454545454,0.596090909090909,0.03636363636363637,0.9636363636363636,0.5324266944771946,0.2180687558289926,0.2495045496938128,0.0491170814788836,0.06178611575942571,0.06812063289969678,0.0491170814788836,0.07855802103771159,0.0491170814788836,0.056477316368590595,0.0491170814788836,0.0491170814788836,0.07017206839856865,0.0491170814788836,0.0491170814788836,0.0491170814788836,0.06281183350886164,0.0491170814788836,0.0491170814788836,0.06178611575942571,0.0491170814788836
228,0.14285714285714285,0.5976857142857143,0.0,1.0,0.5144633836972974,0.2674678604737101,0.2180687558289926,0.06019464769560519,0.04949484774730981,0.04949484774730981,0.04949484774730981,0.06106093114542081,0.04949484774730981,0.04949484774730981,0.07014888891603113,0.05944908896773576,0.0841930979416428,0.05944908896773576,0.04949484774730981,0.04949484774730981,0.04949484774730981,0.04949484774730981,0.04949484774730981,0.061060931145420806,0.04949484774730981
229,0.0,0.56,0.0,1.0,0.5638624883420148,0.2180687558289926,0.2180687558289926,0.0439422741317253,0.11362196267470694,0.11362196267470694,0.0439422741317253,0.0439422741317253,0.0439422741317253,0.0439422741317253,0.0439422741317253,0.0439422741317253,0.0439422741317253,0.0439422741317253,0.0439422741317253,0.0439422741317253,0.0439422741317253,0.0439422741317253,0.0439422741317253,0.11362196267470694,0.0439422741317253
230,0.4,0.46832,0.15,0.85,0.35638624883420145,0.28722750233159705,0.35638624883420145,0.04886973315260655,0.04886973315260655,0.04886973315260655,0.04886973315260655,0.06384945308022008,0.06384945308022008,0.04886973315260655,0.09519070437591368,0.06280567086120288,0.04886973315260655,0.06280567086120288,0.04886973315260655,0.04886973315260655,0.06506224990996194,0.04886973315260655,0.04886973315260655,0.04886973315260655,0.04886973315260655
231,20.0,1.125,0.22619047619047616,0.7738095238095238,0.2180687558289926,0.2180687558289926,0.5638624883420148,0.05105763423406796,0.05105763423406796,0.05105763423406796,0.05105763423406796,0.05105763423406796,0.05105763423406796,0.05105763423406796,0.05105763423406796,0.05105763423406796,0.09153892612745644,0.05105763423406796,0.05105763423406796,0.05105763423406796,0.09153892612745644,0.05105763423406796,0.05105763423406796,0.05105763423406796,0.05105763423406796
233,2.3150183150183152,0.7189641025641026,0.030568637711494852,0.9694313622885052,0.4815306472674857,0.2712677916002268,0.24720156113228753,0.055454446748407195,0.05636741060155106,0.059883377291355025,0.049144308317361204,0.06770089813341226,0.04941866216218929,0.05891658696449851,0.05629298581134609,0.05645627767542859,0.07098074475930453,0.055122742232204536,0.049144308317361204,0.051220272004201636,0.057635263915330304,0.049440874558338406,0.049144308317361204,0.05764252515005635,0.050034007040292816
241,3.4444444444444446,0.5003555555555556,0.14814814814814814,0.8518518518518519,0.3333333333333333,0.3333333333333333,0.3333333333333333,0.050267038667140995,0.050267038667140995,0.05800922628302785,0.050267038667140995,0.050267038667140995,0.050267038667140995,0.050267038667140995,0.05926288131011622,0.050267038667140995,0.08499675421195349,0.050267038667140995,0.050267038667140995,0.050267038667140995,0.09399259685492872,0.050267038667140995,0.050267038667140995,0.050267038667140995,0.050267038667140995
248,11.402597402597403,0.6526857142857143,0.05497835497835498,0.945021645021645,0.451591795967657,0.27195868816868435,0.2764495158636587,0.05614097632570472,0.05600542019336484,0.05482937690864631,0.04933201272224403,0.057371894484035145,0.04933201272224403,0.052250139980870046,0.06463522081162536,0.057815282233442275,0.08359066959539019,0.05503271110715616,0.04933201272224403,0.05038347484934503,0.0604585027991682,0.04933201272224403,0.04933201272224403,0.051288405869383755,0.05353786123064803
250,8.0,0.5426666666666667,0.0,1.0,0.5638624883420148,0.21806875582899257,0.21806875582899257,0.04723348892910361,0.07219968880845949,0.07219968880845949,0.04723348892910361,0.07219968880845949,0.04723348892910361,0.04723348892910361,0.07219968880845949,0.07219968880845949,0.04723348892910361,0.07219968880845949,0.04723348892910361,0.04723348892910361,0.04723348892910361,0.04723348892910361,0.04723348892910361,0.04723348892910361,0.04723348892910361
